Video Filename,Servo1 Angle,Servo2 Angle,Servo3 Angle,Joint1 Position,Joint2 Position,Joint3 Position,EndEffector Position
seg1_210_seg2_270_seg3_270.avi,210,270,270,"(8.31, -3.06)","(7.08, -12.62)","(7.08, -20.95)","(10.14, -24.99)"
seg1_210_seg2_270_seg3_240.avi,210,270,240,"(8.31, -3.06)","(7.08, -12.62)","(6.72, -21.56)","(9.16, -25.48)"
seg1_210_seg2_270_seg3_210.avi,210,270,210,"(8.43, -2.82)","(6.96, -12.74)","(6.23, -21.44)","(7.94, -26.09)"
seg1_210_seg2_270_seg3_180.avi,210,270,180,"(8.55, -2.82)","(6.96, -12.74)","(3.18, -26.21)",None
seg1_210_seg2_270_seg3_150.avi,210,270,150,"(8.55, -2.82)","(7.45, -12.62)",None,None
seg1_210_seg2_270_seg3_120.avi,210,270,120,"(8.43, -2.82)","(7.45, -12.62)",None,None
seg1_210_seg2_270_seg3_90.avi,210,270,90,"(8.43, -2.69)","(7.82, -12.62)",None,None
seg1_210_seg2_270_seg3_60.avi,210,270,60,"(8.55, -2.82)","(7.94, -12.74)",None,None
seg1_210_seg2_270_seg3_30.avi,210,270,30,"(8.43, -3.06)","(9.04, -12.62)","(8.43, -13.35)",None
seg1_210_seg2_270_seg3_0.avi,210,270,0,"(8.43, -3.06)","(8.31, -13.23)",None,None
seg1_210_seg2_240_seg3_270.avi,210,240,270,"(8.18, -3.19)","(8.18, -13.6)","(11.97, -21.19)","(16.61, -23.27)"
seg1_210_seg2_240_seg3_240.avi,210,240,240,"(8.18, -3.19)","(8.18, -13.6)","(12.09, -21.44)","(16.49, -23.52)"
seg1_210_seg2_240_seg3_210.avi,210,240,210,"(8.31, -3.06)","(8.55, -13.35)","(10.5, -22.05)","(13.68, -25.97)"
seg1_210_seg2_240_seg3_180.avi,210,240,180,"(8.31, -3.19)","(8.55, -13.35)","(8.06, -22.91)",None
seg1_210_seg2_240_seg3_150.avi,210,240,150,"(8.31, -3.06)","(9.04, -13.35)","(4.03, -27.32)",None
seg1_210_seg2_240_seg3_120.avi,210,240,120,"(8.43, -3.31)","(9.4, -13.35)",None,None
seg1_210_seg2_240_seg3_90.avi,210,240,90,"(8.43, -2.94)","(9.89, -13.11)",None,None
seg1_210_seg2_240_seg3_60.avi,210,240,60,"(8.43, -3.06)","(10.38, -13.23)",None,None
seg1_210_seg2_240_seg3_30.avi,210,240,30,"(8.31, -3.19)","(10.14, -13.35)",None,None
seg1_210_seg2_240_seg3_0.avi,210,240,0,"(8.31, -3.19)","(9.65, -13.6)",None,None
seg1_210_seg2_210_seg3_270.avi,210,210,270,"(8.31, -3.19)","(10.38, -13.72)","(16.73, -19.23)","(21.74, -19.36)"
seg1_210_seg2_210_seg3_240.avi,210,210,240,"(8.18, -3.19)","(10.38, -13.72)","(16.73, -19.6)","(21.74, -20.58)"
seg1_210_seg2_210_seg3_210.avi,210,210,210,"(8.31, -3.31)","(10.38, -13.6)","(15.39, -21.19)","(19.54, -24.25)"
seg1_210_seg2_210_seg3_180.avi,210,210,180,"(8.31, -3.19)","(10.75, -13.72)","(13.56, -23.15)","(15.88, -27.2)"
seg1_210_seg2_210_seg3_150.avi,210,210,150,"(8.31, -3.43)","(10.87, -13.72)",None,None
seg1_210_seg2_210_seg3_120.avi,210,210,120,"(8.18, -3.43)","(11.11, -13.96)",None,None
seg1_210_seg2_210_seg3_90.avi,210,210,90,"(8.31, -3.43)","(11.36, -13.35)","(2.32, -25.11)",None
seg1_210_seg2_210_seg3_60.avi,210,210,60,"(8.31, -3.43)","(11.24, -13.47)",None,None
seg1_210_seg2_210_seg3_30.avi,210,210,30,"(8.43, -3.43)","(11.36, -13.47)",None,None
seg1_210_seg2_210_seg3_0.avi,210,210,0,"(8.43, -3.43)","(11.36, -13.35)",None,None
seg1_210_seg2_180_seg3_270.avi,210,180,270,"(8.06, -3.43)","(12.34, -13.47)","(20.52, -16.29)","(25.4, -14.82)"
seg1_210_seg2_180_seg3_240.avi,210,180,240,"(8.06, -3.55)","(12.46, -13.35)","(20.64, -16.54)","(25.65, -15.68)"
seg1_210_seg2_180_seg3_210.avi,210,180,210,"(8.06, -3.67)","(12.82, -12.98)","(20.4, -18.5)","(25.4, -19.72)"
seg1_210_seg2_180_seg3_180.avi,210,180,180,"(8.06, -3.55)","(13.07, -12.98)","(19.18, -20.95)","(22.47, -24.25)"
seg1_210_seg2_180_seg3_150.avi,210,180,150,"(8.43, -3.67)","(13.56, -12.86)","(17.59, -22.05)","(18.81, -26.58)"
seg1_210_seg2_180_seg3_120.avi,210,180,120,"(8.31, -3.43)","(13.8, -12.37)",None,None
seg1_210_seg2_180_seg3_90.avi,210,180,90,"(8.31, -3.31)","(13.92, -12.62)","(10.5, -26.7)",None
seg1_210_seg2_180_seg3_60.avi,210,180,60,"(8.31, -3.43)","(14.17, -12.37)","(7.82, -24.75)",None
seg1_210_seg2_180_seg3_30.avi,210,180,30,"(8.31, -3.31)","(14.41, -11.88)","(6.72, -22.66)",None
seg1_210_seg2_180_seg3_0.avi,210,180,0,"(8.43, -3.31)","(14.53, -11.88)","(6.84, -22.66)",None
seg1_210_seg2_150_seg3_270.avi,210,150,270,"(8.18, -3.8)","(15.02, -11.39)","(24.31, -11.03)","(28.34, -7.96)"
seg1_210_seg2_150_seg3_240.avi,210,150,240,"(8.18, -3.67)","(15.15, -11.39)","(24.31, -11.52)","(28.82, -9.31)"
seg1_210_seg2_150_seg3_210.avi,210,150,210,"(8.18, -3.67)","(15.39, -11.39)","(24.43, -13.72)","(29.56, -13.6)"
seg1_210_seg2_150_seg3_180.avi,210,150,180,"(8.31, -3.8)","(15.15, -11.39)","(23.94, -16.41)","(28.34, -18.86)"
seg1_210_seg2_150_seg3_150.avi,210,150,150,"(8.43, -3.8)","(15.39, -11.27)","(25.16, -22.79)",None
seg1_210_seg2_150_seg3_120.avi,210,150,120,"(8.31, -3.8)","(15.63, -11.15)","(20.76, -24.75)",None
seg1_210_seg2_150_seg3_90.avi,210,150,90,"(8.31, -3.8)","(15.88, -11.15)","(17.22, -25.23)",None
seg1_210_seg2_150_seg3_60.avi,210,150,60,"(8.31, -3.55)","(15.88, -10.78)","(15.88, -25.11)",None
seg1_210_seg2_150_seg3_30.avi,210,150,30,"(8.31, -3.55)","(16.24, -10.41)","(13.92, -23.52)",None
seg1_210_seg2_150_seg3_0.avi,210,150,0,"(8.43, -3.31)","(16.24, -10.41)","(14.17, -23.52)",None
seg1_210_seg2_120_seg3_270.avi,210,120,270,"(8.43, -3.8)","(16.49, -9.55)","(24.18, -5.14)","(26.87, -0.61)"
seg1_210_seg2_120_seg3_240.avi,210,120,240,"(8.06, -3.8)","(16.49, -9.8)","(25.4, -7.72)","(29.68, -4.78)"
seg1_210_seg2_120_seg3_210.avi,210,120,210,"(8.18, -3.67)","(16.37, -10.04)","(26.38, -10.29)","(31.02, -9.43)"
seg1_210_seg2_120_seg3_180.avi,210,120,180,"(8.18, -3.92)","(16.49, -10.29)","(25.65, -13.72)","(30.29, -15.31)"
seg1_210_seg2_120_seg3_150.avi,210,120,150,"(8.31, -3.8)","(16.24, -10.17)","(24.31, -16.54)","(27.36, -20.34)"
seg1_210_seg2_120_seg3_120.avi,210,120,120,"(8.43, -3.8)","(16.37, -10.29)","(23.57, -22.79)",None
seg1_210_seg2_120_seg3_90.avi,210,120,90,"(8.43, -3.67)","(16.73, -10.04)","(22.35, -22.91)",None
seg1_210_seg2_120_seg3_60.avi,210,120,60,"(8.31, -3.67)","(16.61, -9.8)","(21.62, -22.91)",None
seg1_210_seg2_120_seg3_30.avi,210,120,30,"(8.43, -3.8)","(16.98, -9.06)","(20.27, -21.93)",None
seg1_210_seg2_120_seg3_0.avi,210,120,0,"(8.43, -3.67)","(17.22, -8.7)","(19.3, -21.07)",None
seg1_210_seg2_90_seg3_270.avi,210,90,270,"(8.31, -3.8)","(17.47, -7.96)","(24.31, -2.21)","(26.5, 2.33)"
seg1_210_seg2_90_seg3_240.avi,210,90,240,"(8.31, -3.8)","(17.47, -7.96)","(25.89, -4.17)","(29.92, -0.98)"
seg1_210_seg2_90_seg3_210.avi,210,90,210,"(8.18, -3.8)","(17.22, -8.33)","(27.11, -6.62)","(31.88, -5.39)"
seg1_210_seg2_90_seg3_180.avi,210,90,180,"(8.31, -3.8)","(17.47, -8.33)","(27.24, -9.68)","(32.0, -11.27)"
seg1_210_seg2_90_seg3_150.avi,210,90,150,"(8.18, -3.8)","(17.22, -8.45)","(30.05, -16.17)",None
seg1_210_seg2_90_seg3_120.avi,210,90,120,"(8.06, -3.55)","(17.22, -8.33)","(27.73, -18.38)",None
seg1_210_seg2_90_seg3_90.avi,210,90,90,"(8.06, -3.67)","(17.22, -8.33)","(26.87, -18.62)",None
seg1_210_seg2_90_seg3_60.avi,210,90,60,"(8.06, -3.67)","(17.47, -8.21)","(26.5, -19.11)",None
seg1_210_seg2_90_seg3_30.avi,210,90,30,"(8.18, -3.55)","(17.47, -7.72)","(24.43, -18.86)",None
seg1_210_seg2_90_seg3_0.avi,210,90,0,"(8.31, -3.67)","(17.83, -7.1)","(23.94, -18.38)",None
seg1_210_seg2_60_seg3_270.avi,210,60,270,"(8.06, -3.67)","(17.47, -6.62)","(23.69, 0.24)","(25.16, 5.14)"
seg1_210_seg2_60_seg3_240.avi,210,60,240,"(8.18, -3.8)","(17.59, -6.25)","(24.92, 0.24)","(27.73, 4.29)"
seg1_210_seg2_60_seg3_210.avi,210,60,210,"(8.06, -3.8)","(17.71, -6.25)","(26.5, -1.47)","(30.78, 0.73)"
seg1_210_seg2_60_seg3_180.avi,210,60,180,"(8.06, -3.8)","(17.71, -6.12)","(27.48, -4.04)","(32.37, -4.17)"
seg1_210_seg2_60_seg3_150.avi,210,60,150,"(8.31, -3.67)","(17.59, -6.0)","(27.85, -6.74)","(32.0, -9.19)"
seg1_210_seg2_60_seg3_120.avi,210,60,120,"(8.31, -3.67)","(17.59, -6.0)","(27.48, -8.33)","(30.41, -11.88)"
seg1_210_seg2_60_seg3_90.avi,210,60,90,"(8.31, -3.92)","(17.59, -6.0)","(27.36, -8.33)","(30.41, -11.88)"
seg1_210_seg2_60_seg3_60.avi,210,60,60,"(8.18, -3.92)","(17.71, -5.88)","(27.48, -8.45)","(30.17, -12.0)"
seg1_210_seg2_60_seg3_30.avi,210,60,30,"(8.31, -3.55)","(17.59, -5.76)","(27.85, -13.84)",None
seg1_210_seg2_60_seg3_0.avi,210,60,0,"(8.43, -3.55)","(17.71, -5.27)","(26.87, -14.21)",None
seg1_210_seg2_30_seg3_270.avi,210,30,270,"(8.31, -3.55)","(17.59, -3.92)","(19.05, 5.02)","(17.95, 10.41)"
seg1_210_seg2_30_seg3_240.avi,210,30,240,"(8.31, -3.43)","(17.34, -4.04)","(21.5, 4.9)","(22.72, 9.92)"
seg1_210_seg2_30_seg3_210.avi,210,30,210,"(8.18, -3.55)","(17.47, -3.92)","(23.94, 3.67)","(27.11, 7.47)"
seg1_210_seg2_30_seg3_180.avi,210,30,180,"(8.31, -3.55)","(17.47, -3.8)","(26.02, 1.71)","(30.66, 3.31)"
seg1_210_seg2_30_seg3_150.avi,210,30,150,"(8.31, -3.67)","(17.71, -3.8)","(26.99, -0.61)","(31.88, -1.1)"
seg1_210_seg2_30_seg3_120.avi,210,30,120,"(8.31, -3.67)","(17.59, -3.8)","(27.24, -2.45)","(31.76, -4.78)"
seg1_210_seg2_30_seg3_90.avi,210,30,90,"(8.43, -3.67)","(17.71, -3.8)","(27.24, -2.33)","(31.76, -4.78)"
seg1_210_seg2_30_seg3_60.avi,210,30,60,"(8.31, -3.67)","(17.47, -3.8)","(27.24, -2.69)","(31.39, -5.14)"
seg1_210_seg2_30_seg3_30.avi,210,30,30,"(8.31, -3.55)","(17.47, -3.67)","(27.11, -4.17)","(30.05, -7.59)"
seg1_210_seg2_30_seg3_0.avi,210,30,0,"(8.43, -3.55)","(17.34, -3.67)","(26.75, -4.41)","(28.7, -8.82)"
seg1_210_seg2_0_seg3_270.avi,210,0,270,"(8.43, -3.43)","(17.83, -3.55)","(19.05, 5.14)","(17.59, 10.29)"
seg1_210_seg2_0_seg3_240.avi,210,0,240,"(8.43, -3.55)","(17.71, -3.8)","(21.74, 4.9)","(23.21, 9.92)"
seg1_210_seg2_0_seg3_210.avi,210,0,210,"(8.31, -3.43)","(17.71, -3.8)","(24.43, 3.19)","(27.97, 6.86)"
seg1_210_seg2_0_seg3_180.avi,210,0,180,"(8.43, -3.43)","(17.71, -3.92)","(26.5, 0.86)","(31.39, 2.08)"
seg1_210_seg2_0_seg3_150.avi,210,0,150,"(8.43, -3.43)","(17.71, -3.8)","(27.36, -1.47)","(32.12, -2.21)"
seg1_210_seg2_0_seg3_120.avi,210,0,120,"(8.31, -3.19)","(17.83, -3.8)","(27.48, -3.19)","(31.63, -5.88)"
seg1_210_seg2_0_seg3_90.avi,210,0,90,"(8.18, -3.31)","(17.71, -3.92)","(27.6, -3.31)","(31.63, -5.76)"
seg1_210_seg2_0_seg3_60.avi,210,0,60,"(8.31, -3.31)","(17.83, -3.92)","(27.48, -3.55)","(31.51, -6.37)"
seg1_210_seg2_0_seg3_30.avi,210,0,30,"(8.18, -3.31)","(17.71, -4.53)","(27.11, -7.1)","(28.95, -11.15)"
seg1_210_seg2_0_seg3_0.avi,210,0,0,"(8.55, -3.06)","(18.2, -5.51)","(26.14, -10.41)","(26.63, -15.31)"
seg1_180_seg2_270_seg3_270.avi,180,270,270,"(8.79, -2.33)","(8.92, -11.88)","(10.26, -20.34)","(13.56, -23.52)"
seg1_180_seg2_270_seg3_240.avi,180,270,240,"(8.67, -2.21)","(8.92, -12.0)","(10.14, -20.21)","(13.56, -23.64)"
seg1_180_seg2_270_seg3_210.avi,180,270,210,"(8.79, -2.45)","(9.04, -12.0)","(8.55, -21.19)","(10.5, -25.36)"
seg1_180_seg2_270_seg3_180.avi,180,270,180,"(8.79, -2.45)","(9.04, -12.0)","(5.98, -20.95)","(5.62, -25.97)"
seg1_180_seg2_270_seg3_150.avi,180,270,150,"(8.67, -2.21)","(8.79, -12.0)",None,None
seg1_180_seg2_270_seg3_120.avi,180,270,120,"(8.79, -2.33)","(8.79, -12.0)",None,None
seg1_180_seg2_270_seg3_90.avi,180,270,90,"(8.79, -2.45)","(8.79, -12.25)",None,None
seg1_180_seg2_270_seg3_60.avi,180,270,60,"(8.92, -2.69)","(9.04, -12.37)",None,None
seg1_180_seg2_270_seg3_30.avi,180,270,30,"(8.79, -2.57)","(9.4, -12.25)",None,None
seg1_180_seg2_270_seg3_0.avi,180,270,0,"(8.92, -2.69)","(9.04, -12.25)",None,None
seg1_180_seg2_240_seg3_270.avi,180,240,270,"(8.79, -2.21)","(10.87, -12.13)","(15.39, -18.86)","(20.27, -20.46)"
seg1_180_seg2_240_seg3_240.avi,180,240,240,"(8.67, -2.21)","(10.99, -12.0)","(15.39, -19.6)","(19.79, -21.44)"
seg1_180_seg2_240_seg3_210.avi,180,240,210,"(8.79, -2.33)","(11.11, -11.88)","(13.68, -20.7)","(16.98, -24.38)"
seg1_180_seg2_240_seg3_180.avi,180,240,180,"(8.67, -2.08)","(11.24, -11.88)","(11.24, -21.68)","(12.21, -26.21)"
seg1_180_seg2_240_seg3_150.avi,180,240,150,"(8.79, -2.08)","(11.11, -12.0)","(7.08, -26.09)",None
seg1_180_seg2_240_seg3_120.avi,180,240,120,"(8.79, -2.33)","(11.11, -12.13)","(2.32, -24.01)",None
seg1_180_seg2_240_seg3_90.avi,180,240,90,"(8.67, -2.33)","(11.11, -12.13)",None,None
seg1_180_seg2_240_seg3_60.avi,180,240,60,"(8.79, -2.33)","(11.36, -11.88)",None,None
seg1_180_seg2_240_seg3_30.avi,180,240,30,"(8.79, -2.33)","(11.24, -12.0)",None,None
seg1_180_seg2_240_seg3_0.avi,180,240,0,"(8.67, -2.33)","(11.24, -11.88)",None,None
seg1_180_seg2_210_seg3_270.avi,180,210,270,"(8.79, -2.21)","(13.31, -11.52)","(20.4, -15.44)","(25.28, -14.21)"
seg1_180_seg2_210_seg3_240.avi,180,210,240,"(9.04, -2.21)","(13.44, -11.27)","(20.27, -16.66)","(25.28, -17.15)"
seg1_180_seg2_210_seg3_210.avi,180,210,210,"(8.92, -2.21)","(13.68, -11.39)","(19.3, -18.62)","(23.82, -21.07)"
seg1_180_seg2_210_seg3_180.avi,180,210,180,"(9.04, -2.08)","(13.8, -11.52)","(17.34, -20.34)","(19.66, -24.5)"
seg1_180_seg2_210_seg3_150.avi,180,210,150,"(9.04, -2.21)","(13.92, -11.76)","(15.15, -21.07)","(15.15, -25.85)"
seg1_180_seg2_210_seg3_120.avi,180,210,120,"(9.16, -2.08)","(13.8, -11.39)","(10.26, -25.6)",None
seg1_180_seg2_210_seg3_90.avi,180,210,90,"(9.04, -2.21)","(13.8, -11.52)","(10.5, -19.48)","(5.98, -23.52)"
seg1_180_seg2_210_seg3_60.avi,180,210,60,"(9.04, -2.21)","(13.92, -11.15)","(3.3, -20.58)",None
seg1_180_seg2_210_seg3_30.avi,180,210,30,"(9.16, -2.08)","(13.92, -11.15)","(2.32, -17.52)",None
seg1_180_seg2_210_seg3_0.avi,180,210,0,"(9.04, -2.21)","(13.92, -11.39)","(3.42, -19.72)",None
seg1_180_seg2_180_seg3_270.avi,180,180,270,"(9.04, -2.21)","(15.76, -10.41)","(24.06, -10.9)","(28.21, -7.72)"
seg1_180_seg2_180_seg3_240.avi,180,180,240,"(9.04, -2.21)","(15.63, -9.92)","(24.43, -12.49)","(29.19, -11.27)"
seg1_180_seg2_180_seg3_210.avi,180,180,210,"(9.16, -2.21)","(15.88, -10.17)","(24.06, -14.95)","(28.82, -15.8)"
seg1_180_seg2_180_seg3_180.avi,180,180,180,"(9.16, -2.08)","(16.12, -10.04)","(22.84, -17.03)","(26.75, -20.21)"
seg1_180_seg2_180_seg3_150.avi,180,180,150,"(9.16, -1.84)","(16.37, -9.8)","(22.84, -22.91)",None
seg1_180_seg2_180_seg3_120.avi,180,180,120,"(9.04, -1.96)","(16.37, -9.55)","(18.32, -23.89)",None
seg1_180_seg2_180_seg3_90.avi,180,180,90,"(9.16, -2.08)","(16.49, -9.43)","(13.92, -23.64)",None
seg1_180_seg2_180_seg3_60.avi,180,180,60,"(9.28, -1.96)","(16.37, -9.43)","(15.27, -17.88)","(10.87, -21.8)"
seg1_180_seg2_180_seg3_30.avi,180,180,30,"(9.28, -1.96)","(16.61, -9.31)","(9.16, -19.97)",None
seg1_180_seg2_180_seg3_0.avi,180,180,0,"(9.04, -1.84)","(16.49, -9.19)","(8.67, -19.23)",None
seg1_180_seg2_150_seg3_270.avi,180,150,270,"(9.16, -1.96)","(17.34, -8.21)","(25.65, -5.88)","(29.07, -1.71)"
seg1_180_seg2_150_seg3_240.avi,180,150,240,"(9.28, -1.96)","(17.71, -8.33)","(26.63, -7.35)","(31.02, -4.9)"
seg1_180_seg2_150_seg3_210.avi,180,150,210,"(9.16, -2.08)","(17.71, -8.21)","(27.24, -9.55)","(32.12, -8.82)"
seg1_180_seg2_150_seg3_180.avi,180,150,180,"(9.28, -1.84)","(17.95, -7.96)","(26.99, -12.0)","(31.51, -13.96)"
seg1_180_seg2_150_seg3_150.avi,180,150,150,"(9.16, -2.08)","(17.83, -7.72)","(25.65, -14.58)","(28.46, -18.25)"
seg1_180_seg2_150_seg3_120.avi,180,150,120,"(8.79, -2.08)","(9.65, -2.21)","(17.83, -7.72)","(24.18, -20.82)"
seg1_180_seg2_150_seg3_90.avi,180,150,90,"(9.28, -1.96)","(18.08, -7.47)","(20.27, -21.19)",None
seg1_180_seg2_150_seg3_60.avi,180,150,60,"(9.28, -1.96)","(18.2, -7.35)","(18.69, -21.07)",None
seg1_180_seg2_150_seg3_30.avi,180,150,30,"(9.4, -1.84)","(18.2, -7.1)","(16.61, -20.21)",None
seg1_180_seg2_150_seg3_0.avi,180,150,0,"(9.28, -1.84)","(18.2, -6.86)","(15.15, -19.11)",None
seg1_180_seg2_120_seg3_270.avi,180,120,270,"(9.28, -1.71)","(18.81, -5.51)","(26.14, 0.0)","(28.09, 4.78)"
seg1_180_seg2_120_seg3_240.avi,180,120,240,"(9.16, -1.71)","(18.93, -5.63)","(27.6, -1.96)","(31.51, 1.71)"
seg1_180_seg2_120_seg3_210.avi,180,120,210,"(9.28, -1.71)","(18.81, -5.51)","(28.82, -4.29)","(33.34, -2.57)"
seg1_180_seg2_120_seg3_180.avi,180,120,180,"(9.28, -1.84)","(19.05, -5.39)","(29.07, -6.98)","(33.83, -7.72)"
seg1_180_seg2_120_seg3_150.avi,180,120,150,"(9.16, -1.96)","(19.05, -5.27)","(28.46, -9.31)","(32.37, -12.25)"
seg1_180_seg2_120_seg3_120.avi,180,120,120,"(9.16, -1.71)","(19.3, -5.14)","(26.87, -11.27)","(28.95, -15.68)"
seg1_180_seg2_120_seg3_90.avi,180,120,90,"(9.28, -1.71)","(18.93, -4.66)","(26.63, -16.66)",None
seg1_180_seg2_120_seg3_60.avi,180,120,60,"(9.28, -1.71)","(19.05, -4.53)","(26.02, -16.78)",None
seg1_180_seg2_120_seg3_30.avi,180,120,30,"(9.4, -1.59)","(19.3, -4.29)","(23.94, -16.66)",None
seg1_180_seg2_120_seg3_0.avi,180,120,0,"(9.28, -1.71)","(19.3, -3.67)","(22.23, -16.17)",None
seg1_180_seg2_90_seg3_270.avi,180,90,270,"(9.16, -1.47)","(19.54, -2.94)","(25.04, 4.17)","(26.38, 9.19)"
seg1_180_seg2_90_seg3_240.avi,180,90,240,"(9.4, -1.59)","(19.54, -3.67)","(27.6, 1.35)","(31.02, 5.39)"
seg1_180_seg2_90_seg3_210.avi,180,90,210,"(9.16, -1.35)","(19.54, -3.06)","(28.82, 0.0)","(33.34, 2.33)"
seg1_180_seg2_90_seg3_180.avi,180,90,180,"(9.16, -1.59)","(19.66, -2.94)","(29.68, -2.82)","(34.69, -3.06)"
seg1_180_seg2_90_seg3_150.avi,180,90,150,"(9.16, -1.59)","(19.54, -2.94)","(29.44, -5.27)","(33.71, -7.72)"
seg1_180_seg2_90_seg3_120.avi,180,90,120,"(9.04, -1.35)","(19.79, -2.69)","(28.7, -6.98)","(31.39, -10.9)"
seg1_180_seg2_90_seg3_90.avi,180,90,90,"(9.16, -1.47)","(19.66, -2.57)","(28.21, -7.35)","(30.05, -12.0)"
seg1_180_seg2_90_seg3_60.avi,180,90,60,"(9.16, -1.47)","(19.79, -2.45)","(29.68, -12.0)",None
seg1_180_seg2_90_seg3_30.avi,180,90,30,"(9.28, -1.35)","(19.66, -1.84)","(27.36, -7.72)","(27.24, -12.74)"
seg1_180_seg2_90_seg3_0.avi,180,90,0,"(9.16, -1.35)","(19.66, -1.23)","(25.4, -12.37)",None
seg1_180_seg2_60_seg3_270.avi,180,60,270,"(9.28, -1.1)","(19.3, 0.0)","(23.57, 8.45)","(23.69, 13.6)"
seg1_180_seg2_60_seg3_240.avi,180,60,240,"(9.16, -1.23)","(19.42, 0.12)","(25.65, 7.47)","(28.21, 12.13)"
seg1_180_seg2_60_seg3_210.avi,180,60,210,"(9.28, -1.1)","(19.42, 0.0)","(27.73, 5.51)","(32.12, 8.57)"
seg1_180_seg2_60_seg3_180.avi,180,60,180,"(9.16, -1.1)","(19.42, 0.12)","(29.07, 3.06)","(34.32, 3.31)"
seg1_180_seg2_60_seg3_150.avi,180,60,150,"(9.28, -1.1)","(19.42, 0.37)","(29.56, -0.24)","(33.83, -2.33)"
seg1_180_seg2_60_seg3_120.avi,180,60,120,"(9.04, -0.98)","(19.42, 0.86)","(29.19, -0.12)","(32.85, -3.31)"
seg1_180_seg2_60_seg3_90.avi,180,60,90,"(9.16, -1.1)","(19.54, 0.98)","(29.19, -0.37)","(32.61, -3.67)"
seg1_180_seg2_60_seg3_60.avi,180,60,60,"(9.16, -1.1)","(19.42, 0.98)","(29.19, -0.37)","(32.49, -3.67)"
seg1_180_seg2_60_seg3_30.avi,180,60,30,"(9.28, -1.1)","(19.3, 1.35)","(28.46, -0.98)","(30.41, -5.27)"
seg1_180_seg2_60_seg3_0.avi,180,60,0,"(9.16, -0.98)","(19.18, 1.84)","(27.73, -1.35)","(28.58, -6.12)"
seg1_180_seg2_30_seg3_270.avi,180,30,270,"(9.28, -0.86)","(18.2, 3.67)","(17.83, 12.98)","(15.51, 17.52)"
seg1_180_seg2_30_seg3_240.avi,180,30,240,"(9.4, -0.86)","(18.2, 3.8)","(20.03, 12.86)","(20.15, 18.38)"
seg1_180_seg2_30_seg3_210.avi,180,30,210,"(9.4, -0.86)","(18.2, 3.55)","(22.84, 12.25)","(25.16, 17.15)"
seg1_180_seg2_30_seg3_180.avi,180,30,180,"(9.28, -0.86)","(18.08, 3.55)","(25.04, 10.54)","(29.8, 13.47)"
seg1_180_seg2_30_seg3_150.avi,180,30,150,"(9.16, -0.86)","(18.08, 3.43)","(26.87, 8.33)","(32.0, 8.7)"
seg1_180_seg2_30_seg3_120.avi,180,30,120,"(9.28, -0.86)","(18.08, 3.31)","(27.6, 6.74)","(32.24, 5.39)"
seg1_180_seg2_30_seg3_90.avi,180,30,90,"(9.16, -0.86)","(18.08, 3.43)","(27.36, 6.12)","(32.0, 3.92)"
seg1_180_seg2_30_seg3_60.avi,180,30,60,"(9.28, -0.86)","(18.08, 3.31)","(27.48, 6.0)","(31.88, 3.67)"
seg1_180_seg2_30_seg3_30.avi,180,30,30,"(9.28, -0.98)","(17.95, 3.31)","(27.36, 4.78)","(30.66, 1.47)"
seg1_180_seg2_30_seg3_0.avi,180,30,0,"(9.16, -0.98)","(17.95, 3.67)","(29.44, -0.24)",None
seg1_180_seg2_0_seg3_270.avi,180,0,270,"(9.28, -0.61)","(17.59, 4.04)","(16.0, 12.98)","(13.19, 17.64)"
seg1_180_seg2_0_seg3_240.avi,180,0,240,"(9.28, -0.61)","(17.95, 3.8)","(19.42, 13.47)","(18.81, 18.62)"
seg1_180_seg2_0_seg3_210.avi,180,0,210,"(9.28, -0.61)","(18.2, 3.19)","(23.33, 11.88)","(25.77, 16.66)"
seg1_180_seg2_0_seg3_180.avi,180,0,180,"(9.28, -0.61)","(19.3, 0.86)","(28.58, 4.9)","(33.59, 5.88)"
seg1_180_seg2_0_seg3_150.avi,180,0,150,"(9.28, -0.37)","(19.42, 0.61)","(29.68, 1.47)","(34.2, -0.37)"
seg1_180_seg2_0_seg3_120.avi,180,0,120,"(9.16, -0.37)","(19.54, 0.73)","(29.56, -0.37)","(32.98, -3.43)"
seg1_180_seg2_0_seg3_90.avi,180,0,90,"(9.16, -0.37)","(19.54, 0.73)","(29.31, -0.49)","(32.49, -3.92)"
seg1_180_seg2_0_seg3_60.avi,180,0,60,"(9.28, -0.37)","(19.54, 0.73)","(29.19, -0.98)","(32.12, -4.78)"
seg1_180_seg2_0_seg3_30.avi,180,0,30,"(9.16, -0.37)","(19.66, 0.37)","(28.21, -3.43)","(29.07, -8.21)"
seg1_180_seg2_0_seg3_0.avi,180,0,0,"(9.28, -0.12)","(19.66, -0.12)","(26.5, -6.12)","(25.65, -10.9)"
seg1_150_seg2_270_seg3_270.avi,150,270,270,"(9.16, 0.24)","(13.19, -7.84)","(15.63, -16.29)","(19.18, -19.6)"
seg1_150_seg2_270_seg3_240.avi,150,270,240,"(9.16, 0.24)","(13.07, -7.84)","(15.39, -16.41)","(18.56, -19.72)"
seg1_150_seg2_270_seg3_210.avi,150,270,210,"(9.16, 0.49)","(13.31, -7.72)","(14.66, -16.91)","(17.1, -20.95)"
seg1_150_seg2_270_seg3_180.avi,150,270,180,"(9.16, 0.49)","(13.31, -7.84)","(11.73, -17.39)","(11.85, -22.05)"
seg1_150_seg2_270_seg3_150.avi,150,270,150,"(9.4, 0.24)","(13.31, -7.84)","(6.72, -21.07)",None
seg1_150_seg2_270_seg3_120.avi,150,270,120,"(9.28, 0.37)","(13.19, -7.84)","(2.81, -18.38)",None
seg1_150_seg2_270_seg3_90.avi,150,270,90,"(9.16, 0.24)","(13.07, -7.96)",None,None
seg1_150_seg2_270_seg3_60.avi,150,270,60,"(9.16, 0.12)","(13.19, -7.96)","(4.4, -12.25)",None
seg1_150_seg2_270_seg3_30.avi,150,270,30,"(9.28, 0.0)","(13.68, -7.96)",None,None
seg1_150_seg2_270_seg3_0.avi,150,270,0,"(9.28, 0.12)","(14.9, -7.35)","(1.95, -9.19)",None
seg1_150_seg2_240_seg3_270.avi,150,240,270,"(9.16, 0.37)","(15.15, -7.23)","(20.64, -14.09)","(25.28, -15.68)"
seg1_150_seg2_240_seg3_240.avi,150,240,240,"(9.16, 0.37)","(15.27, -7.1)","(20.52, -14.33)","(24.92, -16.05)"
seg1_150_seg2_240_seg3_210.avi,150,240,210,"(9.16, 0.24)","(15.27, -7.1)","(19.42, -15.19)","(23.33, -18.38)"
seg1_150_seg2_240_seg3_180.avi,150,240,180,"(9.04, 0.24)","(15.27, -6.98)","(17.22, -16.41)","(19.05, -21.07)"
seg1_150_seg2_240_seg3_150.avi,150,240,150,"(9.16, 0.37)","(15.27, -7.1)","(14.78, -16.91)","(13.68, -21.93)"
seg1_150_seg2_240_seg3_120.avi,150,240,120,"(9.28, 0.24)","(15.15, -7.23)","(8.92, -20.58)",None
seg1_150_seg2_240_seg3_90.avi,150,240,90,"(9.28, 0.12)","(15.15, -7.23)","(5.37, -18.01)",None
seg1_150_seg2_240_seg3_60.avi,150,240,60,"(9.16, 0.0)","(15.15, -7.23)","(3.05, -14.33)",None
seg1_150_seg2_240_seg3_30.avi,150,240,30,"(9.28, 0.12)","(15.15, -7.1)","(2.44, -10.66)",None
seg1_150_seg2_240_seg3_0.avi,150,240,0,"(9.16, 0.0)","(15.15, -7.23)","(2.44, -9.43)",None
seg1_150_seg2_210_seg3_270.avi,150,210,270,"(9.16, 0.0)","(16.61, -6.62)","(24.31, -11.03)","(29.07, -10.66)"
seg1_150_seg2_210_seg3_240.avi,150,210,240,"(9.16, 0.12)","(16.61, -6.49)","(24.31, -11.15)","(29.19, -11.15)"
seg1_150_seg2_210_seg3_210.avi,150,210,210,"(9.28, 0.12)","(16.73, -6.62)","(23.57, -12.98)","(28.09, -14.82)"
seg1_150_seg2_210_seg3_180.avi,150,210,180,"(9.28, 0.0)","(16.73, -6.62)","(21.86, -14.82)","(24.92, -18.62)"
seg1_150_seg2_210_seg3_150.avi,150,210,150,"(9.28, 0.12)","(16.85, -6.49)","(19.66, -15.8)","(20.4, -20.7)"
seg1_150_seg2_210_seg3_120.avi,150,210,120,"(9.28, 0.12)","(16.73, -6.49)","(15.27, -21.07)",None
seg1_150_seg2_210_seg3_90.avi,150,210,90,"(9.16, 0.0)","(16.85, -6.25)","(10.99, -19.72)",None
seg1_150_seg2_210_seg3_60.avi,150,210,60,"(9.28, 0.12)","(16.85, -6.37)","(8.06, -17.15)",None
seg1_150_seg2_210_seg3_30.avi,150,210,30,"(9.28, 0.12)","(16.85, -6.49)","(6.35, -14.33)",None
seg1_150_seg2_210_seg3_0.avi,150,210,0,"(9.28, 0.12)","(16.85, -6.49)","(6.11, -13.47)",None
seg1_150_seg2_180_seg3_270.avi,150,180,270,"(9.28, 0.12)","(18.08, -5.39)","(26.38, -5.27)","(30.41, -1.84)"
seg1_150_seg2_180_seg3_240.avi,150,180,240,"(9.16, 0.0)","(17.95, -5.39)","(26.63, -8.33)","(31.76, -7.59)"
seg1_150_seg2_180_seg3_210.avi,150,180,210,"(9.04, 0.0)","(18.2, -4.9)","(27.11, -8.7)","(32.0, -9.06)"
seg1_150_seg2_180_seg3_180.avi,150,180,180,"(9.16, 0.12)","(18.32, -4.66)","(26.26, -10.9)","(30.29, -13.23)"
seg1_150_seg2_180_seg3_150.avi,150,180,150,"(9.28, 0.12)","(18.32, -4.66)","(24.55, -12.74)","(26.63, -17.03)"
seg1_150_seg2_180_seg3_120.avi,150,180,120,"(9.28, 0.12)","(18.2, -4.53)","(22.72, -18.62)",None
seg1_150_seg2_180_seg3_90.avi,150,180,90,"(9.16, 0.12)","(18.32, -4.53)","(18.44, -18.86)",None
seg1_150_seg2_180_seg3_60.avi,150,180,60,"(9.28, 0.0)","(18.32, -4.53)","(15.15, -17.88)",None
seg1_150_seg2_180_seg3_30.avi,150,180,30,"(9.28, 0.0)","(18.44, -4.53)","(12.82, -16.17)",None
seg1_150_seg2_180_seg3_0.avi,150,180,0,"(9.28, 0.0)","(18.44, -4.53)","(11.6, -14.82)",None
seg1_150_seg2_150_seg3_270.avi,150,150,270,"(9.04, -0.24)","(19.3, -3.06)","(27.24, 0.24)","(29.56, 5.02)"
seg1_150_seg2_150_seg3_240.avi,150,150,240,"(9.28, -0.49)","(19.3, -3.06)","(28.09, -1.47)","(32.0, 1.84)"
seg1_150_seg2_150_seg3_210.avi,150,150,210,"(9.28, -0.37)","(19.42, -2.94)","(28.82, -2.94)","(33.83, -1.59)"
seg1_150_seg2_150_seg3_180.avi,150,150,180,"(9.16, -0.37)","(19.54, -2.82)","(29.07, -5.27)","(33.95, -6.12)"
seg1_150_seg2_150_seg3_150.avi,150,150,150,"(9.16, -0.37)","(19.54, -2.57)","(28.58, -7.35)","(32.49, -10.29)"
seg1_150_seg2_150_seg3_120.avi,150,150,120,"(9.16, -0.24)","(19.54, -2.45)","(27.11, -9.43)","(29.31, -13.47)"
seg1_150_seg2_150_seg3_90.avi,150,150,90,"(9.16, -0.24)","(19.54, -2.45)","(24.92, -15.44)",None
seg1_150_seg2_150_seg3_60.avi,150,150,60,"(9.16, -0.37)","(19.66, -2.33)","(24.06, -10.9)","(22.47, -15.8)"
seg1_150_seg2_150_seg3_30.avi,150,150,30,"(9.16, -0.24)","(19.66, -1.96)","(22.84, -10.9)","(20.27, -15.31)"
seg1_150_seg2_150_seg3_0.avi,150,150,0,"(9.16, -0.24)","(19.79, -1.84)","(18.44, -14.09)",None
seg1_150_seg2_120_seg3_270.avi,150,120,270,"(9.16, -0.49)","(19.79, 0.0)","(25.77, 6.62)","(26.87, 11.88)"
seg1_150_seg2_120_seg3_240.avi,150,120,240,"(9.4, -0.12)","(19.79, -0.12)","(27.73, 4.78)","(30.9, 9.19)"
seg1_150_seg2_120_seg3_210.avi,150,120,210,"(9.4, -0.24)","(19.79, -0.24)","(29.19, 2.45)","(34.08, 4.9)"
seg1_150_seg2_120_seg3_180.avi,150,120,180,"(9.16, -0.49)","(19.79, -0.37)","(30.05, -0.37)","(34.93, -0.61)"
seg1_150_seg2_120_seg3_150.avi,150,120,150,"(9.16, -0.37)","(19.91, -0.37)","(29.68, -3.06)","(34.08, -5.51)"
seg1_150_seg2_120_seg3_120.avi,150,120,120,"(9.28, -0.24)","(20.03, -0.24)","(28.58, -5.51)","(30.9, -9.43)"
seg1_150_seg2_120_seg3_90.avi,150,120,90,"(9.16, -0.37)","(20.03, -0.12)","(27.6, -6.25)","(28.82, -11.03)"
seg1_150_seg2_120_seg3_60.avi,150,120,60,"(9.16, -0.49)","(20.15, -0.12)","(27.36, -6.37)","(28.21, -11.03)"
seg1_150_seg2_120_seg3_30.avi,150,120,30,"(9.28, -0.24)","(19.91, 0.0)","(26.63, -6.49)","(26.02, -11.27)"
seg1_150_seg2_120_seg3_0.avi,150,120,0,"(9.04, -0.24)","(19.91, 0.61)","(24.18, -11.15)",None
seg1_150_seg2_90_seg3_270.avi,150,90,270,"(9.28, -0.49)","(19.42, 1.47)","(24.18, 9.55)","(24.43, 14.7)"
seg1_150_seg2_90_seg3_240.avi,150,90,240,"(9.28, -0.49)","(19.79, 1.59)","(26.5, 8.08)","(29.31, 12.62)"
seg1_150_seg2_90_seg3_210.avi,150,90,210,"(9.16, -0.49)","(19.79, 0.98)","(28.46, 5.27)","(33.22, 7.84)"
seg1_150_seg2_90_seg3_180.avi,150,90,180,"(9.16, -0.37)","(19.79, 0.24)","(29.92, 0.98)","(35.18, 0.86)"
seg1_150_seg2_90_seg3_150.avi,150,90,150,"(9.28, -0.37)","(19.66, 1.1)","(29.8, -0.24)","(34.2, -2.57)"
seg1_150_seg2_90_seg3_120.avi,150,90,120,"(9.16, -0.37)","(19.66, 0.86)","(29.19, -2.33)","(32.12, -6.12)"
seg1_150_seg2_90_seg3_90.avi,150,90,90,"(9.4, -0.37)","(19.79, 1.35)","(28.58, -3.06)","(30.78, -7.23)"
seg1_150_seg2_90_seg3_60.avi,150,90,60,"(9.16, -0.37)","(19.79, 1.23)","(28.46, -2.82)","(30.78, -7.23)"
seg1_150_seg2_90_seg3_30.avi,150,90,30,"(9.28, -0.37)","(19.66, 1.71)","(27.73, -3.31)","(28.58, -8.08)"
seg1_150_seg2_90_seg3_0.avi,150,90,0,"(9.16, -0.24)","(19.54, 2.08)","(26.87, -3.55)","(26.5, -8.08)"
seg1_150_seg2_60_seg3_270.avi,150,60,270,"(9.28, -0.12)","(19.05, 3.43)","(22.72, 12.0)","(22.6, 17.27)"
seg1_150_seg2_60_seg3_240.avi,150,60,240,"(9.28, -0.12)","(19.05, 3.06)","(24.92, 10.9)","(27.24, 15.92)"
seg1_150_seg2_60_seg3_210.avi,150,60,210,"(9.16, -0.12)","(19.05, 3.06)","(26.87, 9.43)","(31.27, 12.98)"
seg1_150_seg2_60_seg3_180.avi,150,60,180,"(9.16, -0.12)","(19.18, 3.31)","(28.58, 6.98)","(33.71, 7.47)"
seg1_150_seg2_60_seg3_150.avi,150,60,150,"(9.28, -0.12)","(19.05, 3.43)","(28.95, 4.66)","(33.71, 2.82)"
seg1_150_seg2_60_seg3_120.avi,150,60,120,"(9.16, -0.12)","(18.93, 3.31)","(28.82, 2.94)","(32.49, -0.24)"
seg1_150_seg2_60_seg3_90.avi,150,60,90,"(9.28, 0.0)","(18.81, 3.43)","(28.82, 2.69)","(32.12, -0.49)"
seg1_150_seg2_60_seg3_60.avi,150,60,60,"(9.04, 0.0)","(18.93, 3.67)","(28.7, 2.82)","(32.0, -0.61)"
seg1_150_seg2_60_seg3_30.avi,150,60,30,"(9.28, 0.0)","(18.69, 3.8)","(28.09, 2.08)","(30.29, -2.33)"
seg1_150_seg2_60_seg3_0.avi,150,60,0,"(9.16, 0.0)","(18.56, 4.29)","(27.36, 1.47)","(28.46, -3.06)"
seg1_150_seg2_30_seg3_270.avi,150,30,270,"(9.16, 0.12)","(17.59, 5.76)","(16.73, 14.82)","(14.41, 19.6)"
seg1_150_seg2_30_seg3_240.avi,150,30,240,"(9.16, 0.12)","(17.59, 5.88)","(18.93, 15.07)","(18.93, 20.7)"
seg1_150_seg2_30_seg3_210.avi,150,30,210,"(9.28, 0.12)","(17.71, 5.88)","(21.62, 14.82)","(23.69, 19.84)"
seg1_150_seg2_30_seg3_180.avi,150,30,180,"(9.16, 0.12)","(17.71, 5.88)","(24.18, 13.11)","(28.46, 16.29)"
seg1_150_seg2_30_seg3_150.avi,150,30,150,"(9.16, 0.12)","(17.71, 5.88)","(25.89, 11.15)","(30.9, 11.76)"
seg1_150_seg2_30_seg3_120.avi,150,30,120,"(9.16, 0.12)","(17.59, 5.88)","(26.63, 9.68)","(31.27, 8.33)"
seg1_150_seg2_30_seg3_90.avi,150,30,90,"(9.28, 0.24)","(17.59, 5.63)","(26.63, 9.06)","(31.15, 7.1)"
seg1_150_seg2_30_seg3_60.avi,150,30,60,"(9.16, 0.12)","(17.47, 5.76)","(26.75, 8.82)","(31.15, 6.62)"
seg1_150_seg2_30_seg3_30.avi,150,30,30,"(9.04, 0.12)","(17.47, 6.12)","(26.5, 7.72)","(30.17, 4.29)"
seg1_150_seg2_30_seg3_0.avi,150,30,0,"(9.04, 0.12)","(17.1, 6.0)","(26.14, 6.74)","(28.82, 2.57)"
seg1_150_seg2_0_seg3_270.avi,150,0,270,"(9.16, 0.24)","(16.24, 6.86)","(12.82, 15.19)","(8.92, 19.23)"
seg1_150_seg2_0_seg3_240.avi,150,0,240,"(9.04, 0.24)","(16.12, 6.86)","(14.53, 16.54)","(12.7, 21.44)"
seg1_150_seg2_0_seg3_210.avi,150,0,210,"(9.04, 0.24)","(16.12, 6.62)","(17.34, 16.78)","(17.71, 22.17)"
seg1_150_seg2_0_seg3_180.avi,150,0,180,"(9.16, 0.24)","(16.37, 6.62)","(20.27, 15.92)","(23.21, 20.34)"
seg1_150_seg2_0_seg3_150.avi,150,0,150,"(9.16, 0.12)","(16.61, 6.49)","(22.6, 14.33)","(27.48, 16.78)"
seg1_150_seg2_0_seg3_120.avi,150,0,120,"(9.04, 0.24)","(16.73, 6.49)","(24.31, 12.86)","(29.44, 12.98)"
seg1_150_seg2_0_seg3_90.avi,150,0,90,"(9.16, 0.12)","(16.61, 6.37)","(24.55, 12.25)","(29.56, 11.76)"
seg1_150_seg2_0_seg3_60.avi,150,0,60,"(8.92, 0.24)","(16.73, 6.25)","(25.16, 11.39)","(29.92, 10.29)"
seg1_150_seg2_0_seg3_30.avi,150,0,30,"(9.16, 0.37)","(19.3, 2.69)","(28.21, -0.24)","(29.8, -4.66)"
seg1_150_seg2_0_seg3_0.avi,150,0,0,"(9.04, 0.61)","(19.54, 1.96)","(26.99, -3.43)","(26.26, -8.08)"
seg1_120_seg2_270_seg3_270.avi,120,270,270,"(8.92, 0.73)","(14.17, -6.25)","(17.47, -14.33)","(21.5, -17.15)"
seg1_120_seg2_270_seg3_240.avi,120,270,240,"(8.79, 0.86)","(14.17, -6.25)","(17.59, -14.33)","(21.5, -17.27)"
seg1_120_seg2_270_seg3_210.avi,120,270,210,"(8.79, 0.73)","(14.05, -6.37)","(16.0, -15.44)","(18.44, -19.48)"
seg1_120_seg2_270_seg3_180.avi,120,270,180,"(8.92, 0.86)","(14.17, -6.37)","(13.31, -16.17)","(13.56, -20.95)"
seg1_120_seg2_270_seg3_150.avi,120,270,150,"(8.92, 0.86)","(14.17, -6.37)","(8.79, -20.21)",None
seg1_120_seg2_270_seg3_120.avi,120,270,120,"(9.04, 0.86)","(14.17, -6.49)","(5.13, -17.88)",None
seg1_120_seg2_270_seg3_90.avi,120,270,90,"(8.92, 0.61)","(14.66, -6.62)","(3.05, -15.44)",None
seg1_120_seg2_270_seg3_60.avi,120,270,60,"(8.92, 0.49)","(15.02, -6.12)","(2.08, -12.0)",None
seg1_120_seg2_270_seg3_30.avi,120,270,30,"(9.04, 0.49)","(15.15, -6.49)","(2.44, -9.19)",None
seg1_120_seg2_270_seg3_0.avi,120,270,0,"(8.92, 0.37)","(15.39, -6.37)","(6.96, -10.78)","(2.81, -8.57)"
seg1_120_seg2_240_seg3_270.avi,120,240,270,"(8.92, 0.24)","(16.0, -5.88)","(22.11, -11.88)","(27.11, -12.37)"
seg1_120_seg2_240_seg3_240.avi,120,240,240,"(8.92, 0.37)","(16.0, -5.88)","(22.11, -12.25)","(26.87, -13.47)"
seg1_120_seg2_240_seg3_210.avi,120,240,210,"(9.04, 0.49)","(16.24, -5.51)","(21.01, -13.6)","(25.04, -16.54)"
seg1_120_seg2_240_seg3_180.avi,120,240,180,"(8.79, 0.37)","(16.12, -5.63)","(19.05, -15.07)","(21.13, -19.23)"
seg1_120_seg2_240_seg3_150.avi,120,240,150,"(8.92, 0.49)","(16.12, -5.63)","(16.37, -20.46)",None
seg1_120_seg2_240_seg3_120.avi,120,240,120,"(9.04, 0.61)","(16.12, -5.63)","(13.68, -15.8)","(11.48, -19.72)"
seg1_120_seg2_240_seg3_90.avi,120,240,90,"(8.92, 0.49)","(16.12, -5.63)","(7.45, -17.27)",None
seg1_120_seg2_240_seg3_60.avi,120,240,60,"(8.92, 0.49)","(16.12, -5.76)","(5.13, -13.96)",None
seg1_120_seg2_240_seg3_30.avi,120,240,30,"(9.16, 0.37)","(16.12, -5.63)","(8.79, -11.76)","(3.79, -10.78)"
seg1_120_seg2_240_seg3_0.avi,120,240,0,"(8.92, 0.49)","(16.0, -5.88)","(3.79, -8.94)",None
seg1_120_seg2_210_seg3_270.avi,120,210,270,"(8.92, 0.37)","(17.59, -4.04)","(25.4, -6.37)","(30.17, -4.17)"
seg1_120_seg2_210_seg3_240.avi,120,210,240,"(9.04, 0.37)","(17.59, -4.29)","(25.65, -8.33)","(30.41, -8.08)"
seg1_120_seg2_210_seg3_210.avi,120,210,210,"(8.79, 0.37)","(17.59, -4.17)","(24.92, -10.17)","(29.56, -11.76)"
seg1_120_seg2_210_seg3_180.avi,120,210,180,"(9.28, 0.37)","(17.47, -4.04)","(23.33, -12.25)","(26.5, -15.8)"
seg1_120_seg2_210_seg3_150.avi,120,210,150,"(8.67, 0.37)","(17.59, -4.29)","(21.13, -14.21)","(21.98, -18.25)"
seg1_120_seg2_210_seg3_120.avi,120,210,120,"(8.67, 0.49)","(17.59, -4.66)","(17.59, -19.23)",None
seg1_120_seg2_210_seg3_90.avi,120,210,90,"(8.79, 0.37)","(17.59, -4.17)","(13.19, -18.13)",None
seg1_120_seg2_210_seg3_60.avi,120,210,60,"(8.67, 0.49)","(17.47, -4.41)","(9.89, -16.05)",None
seg1_120_seg2_210_seg3_30.avi,120,210,30,"(8.67, 0.37)","(17.59, -4.53)","(7.82, -12.86)",None
seg1_120_seg2_210_seg3_0.avi,120,210,0,"(8.79, 0.49)","(17.59, -4.41)","(7.33, -11.88)",None
seg1_120_seg2_180_seg3_270.avi,120,180,270,"(8.67, 0.37)","(18.69, -2.33)","(27.11, -1.71)","(30.78, 1.96)"
seg1_120_seg2_180_seg3_240.avi,120,180,240,"(8.67, 0.37)","(18.69, -2.45)","(27.6, -5.39)","(32.61, -5.14)"
seg1_120_seg2_180_seg3_210.avi,120,180,210,"(8.92, 0.24)","(18.81, -2.21)","(27.73, -5.51)","(32.73, -5.88)"
seg1_120_seg2_180_seg3_180.avi,120,180,180,"(8.92, 0.37)","(18.81, -2.21)","(27.24, -7.72)","(31.39, -9.92)"
seg1_120_seg2_180_seg3_150.avi,120,180,150,"(9.04, 0.37)","(18.81, -2.21)","(25.65, -9.8)","(28.34, -13.84)"
seg1_120_seg2_180_seg3_120.avi,120,180,120,"(9.04, 0.37)","(18.81, -2.08)","(24.18, -15.68)",None
seg1_120_seg2_180_seg3_90.avi,120,180,90,"(9.04, 0.37)","(18.81, -2.33)","(21.37, -12.0)","(20.03, -16.54)"
seg1_120_seg2_180_seg3_60.avi,120,180,60,"(9.16, 0.37)","(18.93, -2.21)","(16.37, -15.8)",None
seg1_120_seg2_180_seg3_30.avi,120,180,30,"(9.16, 0.37)","(18.81, -2.08)","(13.8, -13.96)",None
seg1_120_seg2_180_seg3_0.avi,120,180,0,"(9.04, 0.37)","(18.93, -1.96)","(12.58, -12.62)",None
seg1_120_seg2_150_seg3_270.avi,120,150,270,"(8.79, 0.37)","(19.54, 0.37)","(27.11, 4.66)","(28.95, 9.43)"
seg1_120_seg2_150_seg3_240.avi,120,150,240,"(8.92, 0.37)","(19.54, 0.49)","(28.21, 3.06)","(32.0, 6.74)"
seg1_120_seg2_150_seg3_210.avi,120,150,210,"(9.04, 0.37)","(19.42, 0.37)","(29.19, 0.49)","(33.83, 1.96)"
seg1_120_seg2_150_seg3_180.avi,120,150,180,"(8.92, 0.49)","(19.54, 0.37)","(29.56, -1.71)","(34.32, -2.33)"
seg1_120_seg2_150_seg3_150.avi,120,150,150,"(9.04, 0.49)","(19.66, 0.24)","(28.7, -4.53)","(32.61, -7.35)"
seg1_120_seg2_150_seg3_120.avi,120,150,120,"(8.92, 0.37)","(19.66, 0.24)","(27.48, -6.37)","(29.8, -10.66)"
seg1_120_seg2_150_seg3_90.avi,120,150,90,"(9.04, 0.37)","(19.54, 0.24)","(25.4, -8.08)","(25.89, -12.49)"
seg1_120_seg2_150_seg3_60.avi,120,150,60,"(8.92, 0.49)","(19.66, 0.37)","(24.18, -8.45)","(23.33, -12.98)"
seg1_120_seg2_150_seg3_30.avi,120,150,30,"(9.04, 0.61)","(19.66, 0.86)","(23.08, -8.21)","(20.4, -12.25)"
seg1_120_seg2_150_seg3_0.avi,120,150,0,"(9.04, 0.61)","(19.42, 1.1)","(21.98, -7.84)","(18.32, -11.27)"
seg1_120_seg2_120_seg3_270.avi,120,120,270,"(8.79, 0.73)","(19.42, 3.43)","(25.28, 10.41)","(26.02, 15.31)"
seg1_120_seg2_120_seg3_240.avi,120,120,240,"(8.92, 0.73)","(19.42, 3.19)","(27.24, 8.45)","(30.41, 12.62)"
seg1_120_seg2_120_seg3_210.avi,120,120,210,"(8.92, 0.73)","(19.54, 2.94)","(28.95, 6.12)","(33.47, 8.45)"
seg1_120_seg2_120_seg3_180.avi,120,120,180,"(8.79, 0.73)","(19.42, 2.57)","(29.56, 2.82)","(34.56, 2.33)"
seg1_120_seg2_120_seg3_150.avi,120,120,150,"(8.92, 0.98)","(19.66, 2.94)","(29.31, 0.0)","(33.22, -2.57)"
seg1_120_seg2_120_seg3_120.avi,120,120,120,"(8.79, 1.1)","(19.66, 3.06)","(28.46, -1.84)","(31.02, -5.63)"
seg1_120_seg2_120_seg3_90.avi,120,120,90,"(8.79, 1.1)","(19.54, 3.43)","(27.48, -2.21)","(28.95, -6.98)"
seg1_120_seg2_120_seg3_60.avi,120,120,60,"(8.79, 0.98)","(19.79, 3.31)","(27.36, -2.33)","(28.7, -6.98)"
seg1_120_seg2_120_seg3_30.avi,120,120,30,"(8.79, 1.1)","(19.42, 3.8)","(26.5, -2.57)","(26.14, -7.47)"
seg1_120_seg2_120_seg3_0.avi,120,120,0,"(8.92, 1.1)","(19.42, 4.04)","(23.82, -7.35)",None
seg1_120_seg2_90_seg3_270.avi,120,90,270,"(8.79, 1.23)","(18.93, 5.39)","(23.69, 13.23)","(24.31, 18.38)"
seg1_120_seg2_90_seg3_240.avi,120,90,240,"(8.79, 1.23)","(18.93, 5.27)","(26.02, 11.88)","(28.7, 16.41)"
seg1_120_seg2_90_seg3_210.avi,120,90,210,"(8.79, 1.23)","(19.18, 4.78)","(27.97, 9.19)","(32.61, 11.88)"
seg1_120_seg2_90_seg3_180.avi,120,90,180,"(8.79, 1.23)","(18.93, 4.17)","(29.19, 5.88)","(34.32, 5.88)"
seg1_120_seg2_90_seg3_150.avi,120,90,150,"(8.92, 1.23)","(19.42, 4.29)","(29.19, 2.69)","(33.59, 0.37)"
seg1_120_seg2_90_seg3_120.avi,120,90,120,"(8.79, 1.23)","(19.18, 4.41)","(28.58, 0.98)","(31.63, -2.82)"
seg1_120_seg2_90_seg3_90.avi,120,90,90,"(8.92, 1.23)","(19.05, 4.78)","(28.46, 0.61)","(30.78, -3.31)"
seg1_120_seg2_90_seg3_60.avi,120,90,60,"(8.79, 1.23)","(19.42, 4.66)","(28.09, 0.49)","(30.41, -3.55)"
seg1_120_seg2_90_seg3_30.avi,120,90,30,"(8.92, 1.35)","(19.3, 4.9)","(27.11, 0.37)","(28.09, -4.41)"
seg1_120_seg2_90_seg3_0.avi,120,90,0,"(8.79, 1.47)","(19.05, 5.51)","(26.38, 0.12)","(25.77, -4.78)"
seg1_120_seg2_60_seg3_270.avi,120,60,270,"(8.92, 1.35)","(17.95, 6.74)","(21.86, 15.31)","(21.5, 20.58)"
seg1_120_seg2_60_seg3_240.avi,120,60,240,"(8.79, 1.47)","(18.08, 6.74)","(24.06, 14.7)","(25.89, 19.48)"
seg1_120_seg2_60_seg3_210.avi,120,60,210,"(8.79, 1.47)","(17.95, 6.62)","(25.77, 13.23)","(29.8, 16.78)"
seg1_120_seg2_60_seg3_180.avi,120,60,180,"(8.79, 1.35)","(18.08, 6.74)","(27.73, 10.78)","(32.61, 11.88)"
seg1_120_seg2_60_seg3_150.avi,120,60,150,"(8.92, 1.23)","(18.2, 6.62)","(28.21, 8.33)","(32.73, 6.86)"
seg1_120_seg2_60_seg3_120.avi,120,60,120,"(8.92, 1.23)","(18.2, 6.62)","(27.97, 6.74)","(31.76, 3.8)"
seg1_120_seg2_60_seg3_90.avi,120,60,90,"(8.92, 1.23)","(17.95, 6.62)","(27.85, 6.37)","(31.51, 3.19)"
seg1_120_seg2_60_seg3_60.avi,120,60,60,"(8.92, 1.35)","(17.95, 6.62)","(27.85, 6.25)","(31.15, 2.57)"
seg1_120_seg2_60_seg3_30.avi,120,60,30,"(9.16, 1.59)","(17.83, 6.98)","(27.11, 4.66)","(28.7, 0.12)"
seg1_120_seg2_60_seg3_0.avi,120,60,0,"(9.04, 1.47)","(17.83, 7.23)","(26.14, 3.67)","(26.38, -1.23)"
seg1_120_seg2_30_seg3_270.avi,120,30,270,"(8.55, 1.1)","(16.24, 8.82)","(15.51, 18.01)","(12.7, 22.54)"
seg1_120_seg2_30_seg3_240.avi,120,30,240,"(8.43, 1.71)","(16.12, 8.82)","(17.47, 18.5)","(16.98, 23.89)"
seg1_120_seg2_30_seg3_210.avi,120,30,210,"(8.92, 1.59)","(16.12, 8.7)","(20.03, 18.01)","(21.98, 23.52)"
seg1_120_seg2_30_seg3_180.avi,120,30,180,"(9.04, 1.59)","(16.24, 8.7)","(22.6, 16.54)","(26.87, 19.97)"
seg1_120_seg2_30_seg3_150.avi,120,30,150,"(8.67, 1.35)","(16.12, 8.7)","(24.43, 14.7)","(29.44, 15.44)"
seg1_120_seg2_30_seg3_120.avi,120,30,120,"(8.79, 1.47)","(16.24, 8.7)","(25.28, 12.86)","(30.05, 11.64)"
seg1_120_seg2_30_seg3_90.avi,120,30,90,"(8.67, 1.35)","(16.12, 8.7)","(25.28, 12.37)","(29.92, 10.29)"
seg1_120_seg2_30_seg3_60.avi,120,30,60,"(8.67, 1.35)","(16.24, 8.82)","(25.28, 11.52)","(29.31, 8.57)"
seg1_120_seg2_30_seg3_30.avi,120,30,30,"(9.04, 1.71)","(16.37, 9.19)","(25.04, 9.8)","(27.97, 5.63)"
seg1_120_seg2_30_seg3_0.avi,120,30,0,"(8.79, 1.71)","(15.76, 8.94)","(24.79, 8.33)","(26.14, 3.67)"
seg1_120_seg2_0_seg3_270.avi,120,0,270,"(8.43, 1.96)","(15.02, 9.68)","(11.11, 18.13)","(7.08, 21.68)"
seg1_120_seg2_0_seg3_240.avi,120,0,240,"(8.55, 1.1)","(15.15, 9.55)","(13.07, 19.23)","(10.87, 24.01)"
seg1_120_seg2_0_seg3_210.avi,120,0,210,"(8.43, 1.96)","(15.15, 9.31)","(15.63, 19.48)","(16.0, 25.11)"
seg1_120_seg2_0_seg3_180.avi,120,0,180,"(8.43, 1.59)","(15.27, 9.43)","(18.69, 18.86)","(21.62, 23.64)"
seg1_120_seg2_0_seg3_150.avi,120,0,150,"(8.55, 1.96)","(15.27, 9.31)","(20.89, 17.64)","(25.65, 20.34)"
seg1_120_seg2_0_seg3_120.avi,120,0,120,"(8.55, 1.96)","(15.51, 9.31)","(22.72, 15.92)","(27.97, 16.29)"
seg1_120_seg2_0_seg3_90.avi,120,0,90,"(8.55, 1.96)","(15.63, 8.94)","(23.69, 14.82)","(28.58, 13.84)"
seg1_120_seg2_0_seg3_60.avi,120,0,60,"(8.79, 1.47)","(16.85, 8.33)","(25.89, 10.78)","(29.68, 7.47)"
seg1_120_seg2_0_seg3_30.avi,120,0,30,"(8.55, 1.47)","(17.1, 7.84)","(26.38, 8.94)","(29.56, 5.14)"
seg1_120_seg2_0_seg3_0.avi,120,0,0,"(8.43, 1.59)","(17.47, 7.72)","(26.87, 9.55)","(30.9, 6.62)"
seg1_90_seg2_270_seg3_270.avi,90,270,270,"(8.67, 2.21)","(15.63, -3.19)","(20.89, -10.54)","(25.28, -12.62)"
seg1_90_seg2_270_seg3_240.avi,90,270,240,"(8.79, 2.33)","(15.76, -2.94)","(20.76, -10.54)","(25.16, -12.74)"
seg1_90_seg2_270_seg3_210.avi,90,270,210,"(8.79, 2.21)","(15.76, -3.06)","(19.18, -11.88)","(22.23, -15.56)"
seg1_90_seg2_270_seg3_180.avi,90,270,180,"(8.67, 2.21)","(15.76, -2.94)","(17.1, -12.86)","(18.2, -17.52)"
seg1_90_seg2_270_seg3_150.avi,90,270,150,"(8.79, 2.21)","(15.88, -3.06)","(14.66, -13.23)","(13.68, -17.64)"
seg1_90_seg2_270_seg3_120.avi,90,270,120,"(8.67, 2.33)","(15.88, -3.06)","(12.82, -12.49)","(9.53, -16.29)"
seg1_90_seg2_270_seg3_90.avi,90,270,90,"(8.43, 1.47)","(8.79, 2.21)","(16.0, -3.06)","(6.6, -13.6)"
seg1_90_seg2_270_seg3_60.avi,90,270,60,"(8.67, 2.21)","(16.24, -2.69)","(10.14, -10.54)","(5.5, -11.27)"
seg1_90_seg2_270_seg3_30.avi,90,270,30,"(8.67, 2.21)","(16.37, -2.45)","(9.4, -9.06)","(4.89, -8.21)"
seg1_90_seg2_270_seg3_0.avi,90,270,0,"(5.01, -6.74)","(9.28, -8.33)","(16.61, -2.45)","(8.67, 2.08)"
seg1_90_seg2_240_seg3_270.avi,90,240,270,"(8.43, 1.23)","(16.73, -2.45)","(23.57, -7.47)","(28.58, -7.72)"
seg1_90_seg2_240_seg3_240.avi,90,240,240,"(16.73, -2.33)","(23.33, -8.33)","(28.34, -9.43)",None
seg1_90_seg2_240_seg3_210.avi,90,240,210,"(16.85, -2.08)","(22.11, -9.92)","(26.02, -12.98)",None
seg1_90_seg2_240_seg3_180.avi,90,240,180,"(8.43, 1.71)","(16.85, -2.21)","(20.27, -11.52)","(22.47, -15.68)"
seg1_90_seg2_240_seg3_150.avi,90,240,150,"(16.85, -2.21)","(17.83, -12.37)","(17.71, -17.03)",None
seg1_90_seg2_240_seg3_120.avi,90,240,120,"(8.43, 1.71)","(16.85, -2.21)","(15.51, -12.37)","(13.31, -16.54)"
seg1_90_seg2_240_seg3_90.avi,90,240,90,"(8.43, 1.59)","(16.85, -2.21)","(13.44, -11.64)","(9.53, -14.46)"
seg1_90_seg2_240_seg3_60.avi,90,240,60,"(8.43, 1.47)","(16.85, -2.08)","(7.82, -12.37)",None
seg1_90_seg2_240_seg3_30.avi,90,240,30,"(8.43, 1.47)","(17.22, -1.96)","(6.96, -9.92)",None
seg1_90_seg2_240_seg3_0.avi,90,240,0,"(8.31, 1.84)","(17.47, -1.35)","(12.21, -8.94)","(7.08, -8.33)"
seg1_90_seg2_210_seg3_270.avi,90,210,270,"(8.31, 1.59)","(17.83, -0.86)","(26.38, -3.67)","(31.15, -2.45)"
seg1_90_seg2_210_seg3_240.avi,90,210,240,"(8.31, 1.59)","(17.83, -0.73)","(26.5, -4.04)","(31.15, -3.67)"
seg1_90_seg2_210_seg3_210.avi,90,210,210,"(8.43, 1.59)","(17.83, -0.49)","(25.77, -6.25)","(30.17, -7.72)"
seg1_90_seg2_210_seg3_180.avi,90,210,180,"(17.95, -0.49)","(24.06, -8.33)","(27.48, -11.64)",None
seg1_90_seg2_210_seg3_150.avi,90,210,150,"(17.83, -0.61)","(22.35, -9.92)","(23.57, -14.33)",None
seg1_90_seg2_210_seg3_120.avi,90,210,120,"(8.43, 1.96)","(17.83, -0.49)","(19.91, -10.66)","(19.18, -15.31)"
seg1_90_seg2_210_seg3_90.avi,90,210,90,"(8.31, 1.59)","(17.95, -0.61)","(15.27, -14.58)",None
seg1_90_seg2_210_seg3_60.avi,90,210,60,"(8.43, 2.08)","(17.95, -0.73)","(12.34, -13.23)",None
seg1_90_seg2_210_seg3_30.avi,90,210,30,"(8.43, 1.84)","(17.95, -0.61)","(9.65, -10.78)",None
seg1_90_seg2_210_seg3_0.avi,90,210,0,"(8.31, 1.59)","(17.95, -0.61)","(14.53, -9.31)","(9.53, -10.29)"
seg1_90_seg2_180_seg3_270.avi,90,180,270,"(8.55, 1.59)","(18.69, 1.1)","(26.99, 2.57)","(30.41, 6.37)"
seg1_90_seg2_180_seg3_240.avi,90,180,240,"(18.69, 0.86)","(27.85, 0.37)","(32.37, 2.21)",None
seg1_90_seg2_180_seg3_210.avi,90,180,210,"(8.92, 1.84)","(18.56, 1.1)","(28.09, -1.71)","(32.85, -1.84)"
seg1_90_seg2_180_seg3_180.avi,90,180,180,"(8.67, 1.71)","(18.81, 1.35)","(27.36, -3.67)","(31.63, -6.0)"
seg1_90_seg2_180_seg3_150.avi,90,180,150,"(9.04, 1.96)","(18.69, 1.47)","(25.65, -5.88)","(28.34, -9.92)"
seg1_90_seg2_180_seg3_120.avi,90,180,120,"(9.04, 1.96)","(18.56, 1.35)","(23.94, -7.59)","(25.04, -12.25)"
seg1_90_seg2_180_seg3_90.avi,90,180,90,"(8.92, 1.84)","(18.69, 1.23)","(22.23, -8.21)",None
seg1_90_seg2_180_seg3_60.avi,90,180,60,"(9.04, 1.84)","(18.81, 1.35)","(20.76, -8.21)","(18.32, -12.25)"
seg1_90_seg2_180_seg3_30.avi,90,180,30,"(8.92, 2.08)","(18.69, 1.35)","(18.93, -7.84)","(14.9, -10.9)"
seg1_90_seg2_180_seg3_0.avi,90,180,0,"(8.55, 1.71)","(18.81, 1.71)","(20.03, -7.96)","(16.61, -11.52)"
seg1_90_seg2_150_seg3_270.avi,90,150,270,"(8.92, 2.21)","(18.93, 4.04)","(26.38, 9.06)","(28.21, 13.72)"
seg1_90_seg2_150_seg3_240.avi,90,150,240,"(8.92, 2.21)","(18.93, 4.04)","(27.73, 7.35)","(31.27, 10.78)"
seg1_90_seg2_150_seg3_210.avi,90,150,210,"(8.92, 2.08)","(18.93, 3.92)","(28.58, 5.39)","(33.22, 7.23)"
seg1_90_seg2_150_seg3_180.avi,90,150,180,"(8.92, 1.96)","(18.93, 3.92)","(29.07, 2.69)","(33.95, 2.08)"
seg1_90_seg2_150_seg3_150.avi,90,150,150,"(9.04, 2.08)","(18.93, 3.8)","(28.58, -0.12)","(32.49, -2.57)"
seg1_90_seg2_150_seg3_120.avi,90,150,120,"(8.79, 2.08)","(18.93, 3.8)","(27.36, -2.08)","(29.92, -6.12)"
seg1_90_seg2_150_seg3_90.avi,90,150,90,"(8.67, 1.71)","(18.81, 3.92)","(26.02, -3.43)","(26.99, -7.96)"
seg1_90_seg2_150_seg3_60.avi,90,150,60,"(8.79, 2.08)","(18.93, 3.92)","(25.04, -3.8)","(24.67, -8.7)"
seg1_90_seg2_150_seg3_30.avi,90,150,30,"(8.79, 2.08)","(18.93, 4.04)","(23.21, -4.29)","(21.13, -8.57)"
seg1_90_seg2_150_seg3_0.avi,90,150,0,"(8.79, 2.08)","(19.05, 4.29)","(22.23, -4.29)","(18.69, -7.96)"
seg1_90_seg2_120_seg3_270.avi,90,120,270,"(8.55, 1.84)","(18.44, 6.49)","(24.06, 13.6)","(24.67, 18.62)"
seg1_90_seg2_120_seg3_240.avi,90,120,240,"(8.92, 2.21)","(18.69, 6.12)","(26.26, 11.88)","(29.19, 16.05)"
seg1_90_seg2_120_seg3_210.avi,90,120,210,"(8.79, 1.84)","(18.69, 6.0)","(27.73, 9.68)","(32.24, 12.25)"
seg1_90_seg2_120_seg3_180.avi,90,120,180,"(8.92, 1.84)","(18.69, 5.88)","(28.7, 7.1)","(33.71, 7.1)"
seg1_90_seg2_120_seg3_150.avi,90,120,150,"(8.92, 1.84)","(18.93, 5.76)","(28.58, 3.92)","(33.22, 1.47)"
seg1_90_seg2_120_seg3_120.avi,90,120,120,"(8.92, 2.08)","(18.81, 5.76)","(28.21, 2.08)","(31.27, -1.71)"
seg1_90_seg2_120_seg3_90.avi,90,120,90,"(8.79, 1.96)","(18.69, 5.88)","(27.48, 1.47)","(29.8, -2.82)"
seg1_90_seg2_120_seg3_60.avi,90,120,60,"(8.67, 1.84)","(18.69, 6.0)","(27.24, 1.1)","(28.95, -3.31)"
seg1_90_seg2_120_seg3_30.avi,90,120,30,"(8.67, 1.84)","(18.69, 6.12)","(26.14, 0.61)","(26.26, -4.29)"
seg1_90_seg2_120_seg3_0.avi,90,120,0,"(8.92, 2.21)","(18.56, 6.49)","(25.04, 0.24)","(24.06, -4.29)"
seg1_90_seg2_90_seg3_270.avi,90,90,270,"(8.79, 2.21)","(17.83, 7.47)","(22.84, 15.31)","(23.08, 20.58)"
seg1_90_seg2_90_seg3_240.avi,90,90,240,"(8.79, 2.21)","(17.83, 7.35)","(24.92, 14.21)","(27.48, 18.62)"
seg1_90_seg2_90_seg3_210.avi,90,90,210,"(8.79, 2.21)","(17.95, 7.23)","(26.38, 12.37)","(31.15, 15.31)"
seg1_90_seg2_90_seg3_180.avi,90,90,180,"(8.67, 2.21)","(18.08, 7.1)","(27.85, 9.8)","(33.1, 9.8)"
seg1_90_seg2_90_seg3_150.avi,90,90,150,"(8.79, 2.33)","(18.2, 7.1)","(28.34, 6.86)","(32.85, 4.78)"
seg1_90_seg2_90_seg3_120.avi,90,90,120,"(8.92, 2.33)","(18.08, 7.47)","(27.85, 5.51)","(31.27, 2.21)"
seg1_90_seg2_90_seg3_90.avi,90,90,90,"(8.92, 2.33)","(17.95, 7.59)","(27.48, 5.76)","(30.9, 1.96)"
seg1_90_seg2_90_seg3_60.avi,90,90,60,"(8.79, 2.33)","(17.95, 7.59)","(27.36, 5.39)","(30.41, 1.59)"
seg1_90_seg2_90_seg3_30.avi,90,90,30,"(8.67, 2.33)","(17.83, 7.96)","(26.63, 4.66)","(28.34, 0.37)"
seg1_90_seg2_90_seg3_0.avi,90,90,0,"(8.43, 1.47)","(8.79, 2.45)","(17.59, 8.21)","(25.65, 4.17)"
seg1_90_seg2_60_seg3_270.avi,90,60,270,"(8.92, 2.57)","(16.85, 8.82)","(20.15, 17.64)","(19.54, 22.79)"
seg1_90_seg2_60_seg3_240.avi,90,60,240,"(8.79, 2.45)","(17.1, 9.06)","(22.35, 17.03)","(24.06, 22.29)"
seg1_90_seg2_60_seg3_210.avi,90,60,210,"(8.79, 2.57)","(17.1, 9.06)","(24.06, 15.92)","(27.97, 19.84)"
seg1_90_seg2_60_seg3_180.avi,90,60,180,"(8.79, 2.57)","(16.98, 8.82)","(25.89, 13.84)","(30.9, 15.19)"
seg1_90_seg2_60_seg3_150.avi,90,60,150,"(8.92, 2.57)","(17.1, 9.19)","(26.87, 11.39)","(31.39, 10.54)"
seg1_90_seg2_60_seg3_120.avi,90,60,120,"(8.79, 2.57)","(16.98, 9.19)","(26.5, 9.92)","(30.78, 6.98)"
seg1_90_seg2_60_seg3_90.avi,90,60,90,"(8.79, 2.57)","(16.85, 9.06)","(26.5, 9.68)","(30.53, 6.74)"
seg1_90_seg2_60_seg3_60.avi,90,60,60,"(8.79, 2.57)","(16.73, 9.06)","(26.38, 9.43)","(30.17, 6.0)"
seg1_90_seg2_60_seg3_30.avi,90,60,30,"(8.79, 2.57)","(16.61, 9.31)","(26.02, 7.96)","(28.21, 3.43)"
seg1_90_seg2_60_seg3_0.avi,90,60,0,"(8.55, 1.47)","(8.79, 2.57)","(16.73, 9.55)","(24.92, 6.62)"
seg1_90_seg2_30_seg3_270.avi,90,30,270,"(8.43, 1.59)","(14.66, 10.66)","(13.68, 19.72)","(10.87, 24.38)"
seg1_90_seg2_30_seg3_240.avi,90,30,240,"(8.43, 1.59)","(14.9, 10.9)","(15.63, 20.21)","(15.15, 25.85)"
seg1_90_seg2_30_seg3_210.avi,90,30,210,"(8.55, 1.59)","(14.9, 10.78)","(17.95, 20.21)","(19.66, 25.72)"
seg1_90_seg2_30_seg3_180.avi,90,30,180,"(8.43, 1.96)","(15.02, 11.03)","(20.4, 19.23)","(24.67, 22.91)"
seg1_90_seg2_30_seg3_150.avi,90,30,150,"(8.43, 1.96)","(14.9, 10.78)","(22.23, 17.39)","(27.6, 18.74)"
seg1_90_seg2_30_seg3_120.avi,90,30,120,"(8.55, 1.59)","(14.66, 11.03)","(23.21, 15.68)","(28.34, 14.82)"
seg1_90_seg2_30_seg3_90.avi,90,30,90,"(8.55, 1.71)","(14.78, 11.03)","(23.57, 15.07)","(28.34, 13.35)"
seg1_90_seg2_30_seg3_60.avi,90,30,60,"(8.43, 1.47)","(14.66, 10.9)","(23.69, 14.21)","(27.85, 11.88)"
seg1_90_seg2_30_seg3_30.avi,90,30,30,"(8.55, 1.59)","(14.41, 10.9)","(23.45, 12.49)","(26.75, 8.7)"
seg1_90_seg2_30_seg3_0.avi,90,30,0,"(8.18, 2.45)","(14.41, 11.15)","(23.08, 11.39)","(24.92, 6.37)"
seg1_90_seg2_0_seg3_270.avi,90,0,270,"(8.55, 1.59)","(12.7, 11.52)","(7.57, 19.6)","(3.05, 22.42)"
seg1_90_seg2_0_seg3_240.avi,90,0,240,"(8.43, 1.59)","(12.58, 11.52)","(9.28, 20.82)","(6.35, 25.36)"
seg1_90_seg2_0_seg3_210.avi,90,0,210,"(8.55, 1.59)","(12.7, 11.52)","(11.48, 21.44)","(10.5, 27.07)"
seg1_90_seg2_0_seg3_180.avi,90,0,180,"(8.43, 1.71)","(12.7, 11.64)","(14.29, 21.44)","(16.49, 26.95)"
seg1_90_seg2_0_seg3_150.avi,90,0,150,"(8.43, 1.71)","(12.7, 11.39)","(16.85, 20.82)","(21.13, 24.13)"
seg1_90_seg2_0_seg3_120.avi,90,0,120,"(8.43, 1.71)","(12.7, 11.64)","(18.56, 19.36)","(23.82, 20.58)"
seg1_90_seg2_0_seg3_90.avi,90,0,90,"(8.43, 1.84)","(12.7, 11.64)","(19.3, 18.5)","(24.31, 18.13)"
seg1_90_seg2_0_seg3_60.avi,90,0,60,"(8.31, 1.84)","(12.58, 11.39)","(19.66, 17.64)","(24.67, 16.05)"
seg1_90_seg2_0_seg3_30.avi,90,0,30,"(8.43, 1.84)","(12.46, 11.39)","(20.15, 16.05)","(24.18, 12.98)"
seg1_90_seg2_0_seg3_0.avi,90,0,0,"(8.55, 1.96)","(12.34, 11.64)","(20.4, 14.58)","(23.69, 10.66)"
seg1_60_seg2_270_seg3_270.avi,60,270,270,"(8.06, 2.45)","(16.61, -0.24)","(23.57, -6.37)","(28.21, -7.59)"
seg1_60_seg2_270_seg3_240.avi,60,270,240,"(8.18, 2.69)","(16.73, -0.24)","(23.69, -6.49)","(28.09, -7.72)"
seg1_60_seg2_270_seg3_210.avi,60,270,210,"(8.18, 2.69)","(16.49, -0.12)","(21.98, -7.96)","(25.89, -11.15)"
seg1_60_seg2_270_seg3_180.avi,60,270,180,"(8.06, 2.69)","(16.61, -0.12)","(20.27, -9.43)","(22.11, -13.47)"
seg1_60_seg2_270_seg3_150.avi,60,270,150,"(8.06, 2.69)","(16.49, 0.0)","(17.83, -10.17)","(17.59, -15.07)"
seg1_60_seg2_270_seg3_120.avi,60,270,120,"(8.06, 2.69)","(16.61, -0.12)","(15.63, -10.17)","(13.44, -14.33)"
seg1_60_seg2_270_seg3_90.avi,60,270,90,"(8.18, 2.69)","(16.61, -0.12)","(10.5, -12.86)",None
seg1_60_seg2_270_seg3_60.avi,60,270,60,"(8.18, 2.69)","(16.49, -0.24)","(12.58, -9.06)","(8.18, -10.78)"
seg1_60_seg2_270_seg3_30.avi,60,270,30,"(8.18, 2.21)","(16.73, 0.0)","(11.11, -7.72)","(6.47, -7.72)"
seg1_60_seg2_270_seg3_0.avi,60,270,0,"(8.06, 2.33)","(6.96, -6.25)","(11.73, -6.86)","(17.1, 0.61)"
seg1_60_seg2_240_seg3_270.avi,60,240,270,"(8.18, 2.57)","(16.98, 0.98)","(25.16, -3.92)","(29.92, -4.53)"
seg1_60_seg2_240_seg3_240.avi,60,240,240,"(8.06, 2.82)","(17.1, 0.86)","(24.92, -4.04)","(29.8, -4.41)"
seg1_60_seg2_240_seg3_210.avi,60,240,210,"(8.18, 2.82)","(16.98, 0.98)","(23.94, -5.88)","(28.09, -8.21)"
seg1_60_seg2_240_seg3_180.avi,60,240,180,"(8.06, 2.82)","(17.22, 1.35)","(22.72, -7.1)","(25.4, -11.15)"
seg1_60_seg2_240_seg3_150.avi,60,240,150,"(8.18, 2.45)","(17.34, 1.35)","(20.52, -8.33)","(21.25, -12.74)"
seg1_60_seg2_240_seg3_120.avi,60,240,120,"(8.18, 2.45)","(17.22, 1.35)","(18.56, -8.7)","(17.47, -12.98)"
seg1_60_seg2_240_seg3_90.avi,60,240,90,"(8.31, 1.96)","(8.18, 2.82)","(17.1, 1.47)","(16.98, -8.45)"
seg1_60_seg2_240_seg3_60.avi,60,240,60,"(8.31, 2.45)","(17.34, 1.59)","(15.88, -7.96)","(12.21, -11.03)"
seg1_60_seg2_240_seg3_30.avi,60,240,30,"(8.18, 2.45)","(17.34, 1.71)","(14.66, -7.23)","(9.89, -8.45)"
seg1_60_seg2_240_seg3_0.avi,60,240,0,"(8.18, 2.45)","(9.28, -6.86)","(14.05, -6.62)","(17.59, 2.08)"
seg1_60_seg2_210_seg3_270.avi,60,210,270,"(8.06, 2.45)","(17.59, 2.08)","(26.63, -0.12)","(31.15, 1.47)"
seg1_60_seg2_210_seg3_240.avi,60,210,240,"(8.18, 2.82)","(17.47, 2.08)","(26.5, -0.61)","(31.39, 0.0)"
seg1_60_seg2_210_seg3_210.avi,60,210,210,"(8.06, 2.69)","(17.59, 2.08)","(26.02, -3.06)","(30.29, -4.53)"
seg1_60_seg2_210_seg3_180.avi,60,210,180,"(8.31, 2.69)","(17.47, 2.21)","(24.43, -5.14)","(27.97, -8.57)"
seg1_60_seg2_210_seg3_150.avi,60,210,150,"(8.18, 2.69)","(17.47, 2.21)","(22.6, -6.86)","(23.94, -11.52)"
seg1_60_seg2_210_seg3_120.avi,60,210,120,"(8.06, 1.84)","(8.31, 2.69)","(17.59, 2.08)","(20.52, -7.47)"
seg1_60_seg2_210_seg3_90.avi,60,210,90,"(8.18, 2.69)","(17.59, 2.08)","(19.18, -7.72)","(17.1, -12.13)"
seg1_60_seg2_210_seg3_60.avi,60,210,60,"(8.43, 2.69)","(17.59, 2.21)","(18.2, -7.35)","(15.02, -11.15)"
seg1_60_seg2_210_seg3_30.avi,60,210,30,"(8.18, 1.96)","(17.71, 2.33)","(16.49, -6.86)","(12.21, -9.06)"
seg1_60_seg2_210_seg3_0.avi,60,210,0,"(8.31, 1.84)","(17.83, 2.69)","(16.12, -6.25)","(11.11, -7.72)"
seg1_60_seg2_180_seg3_270.avi,60,180,270,"(8.18, 2.69)","(18.08, 3.67)","(26.63, 5.51)","(29.92, 9.43)"
seg1_60_seg2_180_seg3_240.avi,60,180,240,"(8.18, 1.96)","(17.95, 3.92)","(27.36, 3.43)","(31.88, 5.27)"
seg1_60_seg2_180_seg3_210.avi,60,180,210,"(8.18, 1.84)","(18.08, 3.55)","(27.36, 0.73)","(32.37, 0.37)"
seg1_60_seg2_180_seg3_180.avi,60,180,180,"(8.55, 2.69)","(18.08, 3.67)","(26.63, -1.23)","(30.9, -3.92)"
seg1_60_seg2_180_seg3_150.avi,60,180,150,"(8.18, 1.84)","(18.08, 3.67)","(25.28, -3.31)","(27.97, -7.35)"
seg1_60_seg2_180_seg3_120.avi,60,180,120,"(8.31, 1.84)","(8.55, 2.57)","(18.08, 3.67)","(24.43, -9.31)"
seg1_60_seg2_180_seg3_90.avi,60,180,90,"(8.18, 1.84)","(8.43, 2.57)","(18.08, 3.67)","(22.35, -5.51)"
seg1_60_seg2_180_seg3_60.avi,60,180,60,"(8.43, 2.57)","(18.08, 3.8)","(21.37, -5.51)","(19.54, -9.8)"
seg1_60_seg2_180_seg3_30.avi,60,180,30,"(8.55, 2.57)","(18.2, 3.8)","(19.3, -5.63)","(15.51, -8.82)"
seg1_60_seg2_180_seg3_0.avi,60,180,0,"(8.31, 1.84)","(18.08, 3.8)","(18.44, -5.51)","(14.41, -8.08)"
seg1_60_seg2_150_seg3_270.avi,60,150,270,"(8.55, 2.57)","(18.2, 5.27)","(26.26, 9.19)","(29.19, 13.47)"
seg1_60_seg2_150_seg3_240.avi,60,150,240,"(8.43, 2.57)","(18.2, 5.27)","(27.24, 7.96)","(31.02, 11.39)"
seg1_60_seg2_150_seg3_210.avi,60,150,210,"(8.67, 2.45)","(18.08, 5.51)","(28.21, 6.12)","(32.73, 7.1)"
seg1_60_seg2_150_seg3_180.avi,60,150,180,"(8.43, 2.57)","(18.2, 5.14)","(28.09, 2.69)","(32.85, 1.47)"
seg1_60_seg2_150_seg3_150.avi,60,150,150,"(8.43, 2.45)","(18.2, 5.27)","(27.24, 0.12)","(30.53, -3.19)"
seg1_60_seg2_150_seg3_120.avi,60,150,120,"(8.55, 2.45)","(18.2, 5.63)","(26.75, -0.24)","(29.31, -4.17)"
seg1_60_seg2_150_seg3_90.avi,60,150,90,"(8.55, 2.69)","(18.2, 5.76)","(25.4, -1.23)","(26.75, -5.76)"
seg1_60_seg2_150_seg3_60.avi,60,150,60,"(8.31, 1.59)","(8.55, 2.69)","(18.2, 5.76)","(24.55, -1.71)"
seg1_60_seg2_150_seg3_30.avi,60,150,30,"(8.55, 2.69)","(17.95, 5.76)","(23.21, -2.21)","(21.25, -6.74)"
seg1_60_seg2_150_seg3_0.avi,60,150,0,"(8.55, 2.57)","(17.95, 5.88)","(23.82, -1.71)","(22.72, -6.49)"
seg1_60_seg2_120_seg3_270.avi,60,120,270,"(8.67, 2.21)","(17.83, 6.98)","(23.45, 14.21)","(24.06, 19.23)"
seg1_60_seg2_120_seg3_240.avi,60,120,240,"(8.55, 2.45)","(18.2, 6.86)","(25.77, 12.62)","(28.46, 16.78)"
seg1_60_seg2_120_seg3_210.avi,60,120,210,"(8.43, 2.33)","(18.32, 6.62)","(27.36, 10.29)","(31.76, 12.86)"
seg1_60_seg2_120_seg3_180.avi,60,120,180,"(8.79, 2.33)","(18.08, 6.62)","(28.58, 7.72)","(33.34, 7.96)"
seg1_60_seg2_120_seg3_150.avi,60,120,150,"(8.79, 2.21)","(18.44, 6.25)","(28.46, 4.53)","(32.61, 2.33)"
seg1_60_seg2_120_seg3_120.avi,60,120,120,"(8.79, 2.21)","(18.32, 6.25)","(27.48, 2.82)","(30.9, -0.73)"
seg1_60_seg2_120_seg3_90.avi,60,120,90,"(8.67, 2.21)","(18.44, 6.37)","(27.24, 2.08)","(29.68, -1.96)"
seg1_60_seg2_120_seg3_60.avi,60,120,60,"(8.79, 2.21)","(18.32, 6.49)","(26.75, 1.71)","(28.46, -2.82)"
seg1_60_seg2_120_seg3_30.avi,60,120,30,"(8.79, 2.21)","(18.2, 6.49)","(25.4, 0.49)","(25.16, -4.17)"
seg1_60_seg2_120_seg3_0.avi,60,120,0,"(8.31, 1.47)","(8.67, 2.21)","(18.2, 6.62)","(24.67, 0.49)"
seg1_60_seg2_90_seg3_270.avi,60,90,270,"(9.04, 1.84)","(17.95, 6.98)","(22.6, 14.95)","(22.96, 20.09)"
seg1_60_seg2_90_seg3_240.avi,60,90,240,"(9.04, 1.71)","(18.08, 6.74)","(25.04, 13.6)","(27.6, 18.13)"
seg1_60_seg2_90_seg3_210.avi,60,90,210,"(8.92, 1.84)","(18.32, 6.74)","(26.5, 12.0)","(31.02, 14.95)"
seg1_60_seg2_90_seg3_180.avi,60,90,180,"(9.04, 1.71)","(18.08, 6.74)","(27.73, 9.55)","(32.98, 10.04)"
seg1_60_seg2_90_seg3_150.avi,60,90,150,"(8.79, 1.59)","(18.32, 6.49)","(28.34, 7.1)","(32.85, 5.27)"
seg1_60_seg2_90_seg3_120.avi,60,90,120,"(8.92, 1.71)","(18.32, 6.74)","(27.97, 5.51)","(31.63, 2.08)"
seg1_60_seg2_90_seg3_90.avi,60,90,90,"(9.04, 1.71)","(17.83, 6.74)","(27.73, 5.39)","(31.02, 1.71)"
seg1_60_seg2_90_seg3_60.avi,60,90,60,"(8.79, 1.71)","(18.08, 6.86)","(27.48, 5.14)","(30.53, 1.1)"
seg1_60_seg2_90_seg3_30.avi,60,90,30,"(9.04, 1.71)","(17.59, 6.98)","(26.87, 4.29)","(28.34, -0.24)"
seg1_60_seg2_90_seg3_0.avi,60,90,0,"(8.79, 1.71)","(17.83, 7.35)","(25.89, 4.04)","(26.38, -1.1)"
seg1_60_seg2_60_seg3_270.avi,60,60,270,"(8.79, 1.59)","(17.71, 7.23)","(20.89, 16.05)","(20.52, 21.32)"
seg1_60_seg2_60_seg3_240.avi,60,60,240,"(8.79, 1.47)","(17.83, 7.23)","(23.08, 15.07)","(25.04, 20.46)"
seg1_60_seg2_60_seg3_210.avi,60,60,210,"(8.79, 1.47)","(17.71, 6.98)","(24.92, 13.96)","(28.82, 17.88)"
seg1_60_seg2_60_seg3_180.avi,60,60,180,"(8.67, 1.47)","(17.71, 6.86)","(26.63, 11.76)","(31.76, 13.11)"
seg1_60_seg2_60_seg3_150.avi,60,60,150,"(8.79, 1.35)","(17.71, 6.86)","(27.48, 9.43)","(32.49, 8.33)"
seg1_60_seg2_60_seg3_120.avi,60,60,120,"(8.79, 1.35)","(17.83, 7.23)","(27.48, 7.59)","(31.63, 4.78)"
seg1_60_seg2_60_seg3_90.avi,60,60,90,"(8.79, 1.35)","(17.95, 7.23)","(27.48, 7.1)","(31.27, 4.04)"
seg1_60_seg2_60_seg3_60.avi,60,60,60,"(8.92, 1.35)","(17.83, 7.23)","(27.24, 7.1)","(31.02, 3.8)"
seg1_60_seg2_60_seg3_30.avi,60,60,30,"(8.79, 1.35)","(17.83, 7.23)","(26.87, 5.51)","(28.82, 1.1)"
seg1_60_seg2_60_seg3_0.avi,60,60,0,"(8.79, 1.35)","(17.71, 7.47)","(25.77, 4.17)","(26.26, -0.73)"
seg1_60_seg2_30_seg3_270.avi,60,30,270,"(8.67, 0.61)","(16.49, 7.72)","(16.12, 16.78)","(13.56, 21.56)"
seg1_60_seg2_30_seg3_240.avi,60,30,240,"(9.04, 0.98)","(16.61, 7.72)","(18.2, 17.52)","(17.83, 22.54)"
seg1_60_seg2_30_seg3_210.avi,60,30,210,"(9.28, 0.86)","(16.49, 7.72)","(20.52, 16.78)","(22.72, 21.93)"
seg1_60_seg2_30_seg3_180.avi,60,30,180,"(9.28, 0.86)","(16.49, 7.47)","(23.08, 15.07)","(27.6, 18.62)"
seg1_60_seg2_30_seg3_150.avi,60,30,150,"(8.79, 0.61)","(16.61, 7.35)","(25.16, 13.23)","(30.17, 14.09)"
seg1_60_seg2_30_seg3_120.avi,60,30,120,"(8.79, 0.61)","(16.73, 7.47)","(25.89, 11.27)","(30.78, 9.92)"
seg1_60_seg2_30_seg3_90.avi,60,30,90,"(8.92, 0.61)","(16.61, 7.47)","(25.89, 10.41)","(30.41, 8.08)"
seg1_60_seg2_30_seg3_60.avi,60,30,60,"(8.67, 0.61)","(16.85, 7.59)","(26.02, 9.55)","(30.17, 6.74)"
seg1_60_seg2_30_seg3_30.avi,60,30,30,"(8.79, 0.86)","(16.73, 7.47)","(25.77, 7.84)","(28.34, 3.67)"
seg1_60_seg2_30_seg3_0.avi,60,30,0,"(8.92, 0.61)","(16.98, 7.47)","(25.53, 6.62)","(27.24, 1.96)"
seg1_60_seg2_0_seg3_270.avi,60,0,270,"(9.16, 0.49)","(15.63, 7.72)","(11.97, 16.17)","(8.06, 19.36)"
seg1_60_seg2_0_seg3_240.avi,60,0,240,"(8.92, 0.37)","(15.76, 7.72)","(14.41, 16.91)","(12.21, 21.93)"
seg1_60_seg2_0_seg3_210.avi,60,0,210,"(9.28, 0.37)","(15.88, 7.35)","(16.73, 17.27)","(17.22, 22.79)"
seg1_60_seg2_0_seg3_180.avi,60,0,180,"(8.79, 0.24)","(15.88, 7.23)","(20.15, 16.54)","(23.21, 21.07)"
seg1_60_seg2_0_seg3_150.avi,60,0,150,"(8.92, 0.12)","(16.49, 7.1)","(23.08, 14.58)","(27.85, 16.91)"
seg1_60_seg2_0_seg3_120.avi,60,0,120,"(8.92, 0.12)","(16.85, 6.62)","(25.28, 12.0)","(30.17, 11.88)"
seg1_60_seg2_0_seg3_90.avi,60,0,90,"(9.04, 0.0)","(17.22, 6.37)","(26.14, 10.04)","(30.66, 8.08)"
seg1_60_seg2_0_seg3_60.avi,60,0,60,"(9.28, 0.0)","(19.05, 3.19)","(28.09, -0.24)","(29.68, -4.53)"
seg1_60_seg2_0_seg3_30.avi,60,0,30,"(9.4, 0.0)","(19.3, 3.31)","(27.6, -0.24)","(28.46, -4.9)"
seg1_60_seg2_0_seg3_0.avi,60,0,0,"(9.04, -0.24)","(19.54, 2.45)","(28.34, -1.23)","(19.18, -23.64)"
