Video Filename,Servo1 Angle,Servo2 Angle,Servo3 Angle,Joint1 Position,Joint1 PositionX,Joint1 PositionY,Joint2 Position,Joint2 PositionX,Joint2 PositionY,Joint3 Position,Joint3 PositionX,Joint3 PositionY,EndEffector Position,Seg1 Curvature,Seg2 Curvature,Seg3 Curvature,SegLength,,
seg1_210_seg2_270_seg3_270.avi,210,270,270,"(8.55, -3.8)",8.55,-3.8,"(8.06, -14.21)",8.06,-14.21,"(10.02, -23.03)",10,-23.03,None,108.9632342,114.3771893,119.0131328,10,,-3.8
seg1_210_seg2_270_seg3_240.avi,210,270,240,"(8.43, -3.92)",8.43,-3.92,"(8.06, -14.09)",8.06,-14.09,"(9.4, -23.15)",#VALUE!,-23.15,None,109.0232113,114.3146615,#VALUE!,10,,
seg1_210_seg2_270_seg3_210.avi,210,270,210,"(8.43, -3.8)",8.43,-3.8,"(7.94, -14.46)",7.94,-14.46,None,#VALUE!,#VALUE!,None,108.9606921,114.5051764,#VALUE!,10,,
seg1_210_seg2_270_seg3_180.avi,210,270,180,"(8.55, -3.8)",8.55,-3.8,"(8.06, -14.33)",8.06,-14.33,None,#VALUE!,#VALUE!,None,108.9632342,114.4397172,#VALUE!,10,,
seg1_210_seg2_270_seg3_150.avi,210,270,150,"(8.43, -3.92)",8.43,-3.92,"(8.06, -14.33)",8.06,-14.33,None,#VALUE!,#VALUE!,None,109.0232113,114.4397172,#VALUE!,10,,
seg1_210_seg2_270_seg3_120.avi,210,270,120,"(8.31, -3.8)",8.31,-3.8,"(8.43, -14.58)",8.43,-14.58,"(5.13, -20.09)",5.13,-20.09,None,108.9581859,114.5772228,117.3963664,10,,
seg1_210_seg2_270_seg3_90.avi,210,270,90,"(8.55, -3.92)",8.55,-3.92,"(8.79, -14.46)",8.79,-14.46,None,#VALUE!,#VALUE!,None,109.0257519,114.5220575,#VALUE!,10,,
seg1_210_seg2_270_seg3_60.avi,210,270,60,"(8.31, -4.04)",8.31,-4.04,"(8.79, -14.58)",8.79,-14.58,None,#VALUE!,#VALUE!,None,109.0832273,114.5845775,#VALUE!,10,,
seg1_210_seg2_270_seg3_30.avi,210,270,30,"(8.43, -3.8)",8.43,-3.8,"(8.79, -14.46)",8.79,-14.46,None,#VALUE!,#VALUE!,None,108.9606921,114.5220575,#VALUE!,10,,
seg1_210_seg2_270_seg3_0.avi,210,270,0,"(8.43, -4.04)",8.43,-4.04,"(8.67, -14.7)",8.67,-14.7,None,#VALUE!,#VALUE!,None,109.0857306,114.6446132,#VALUE!,10,,
seg1_210_seg2_240_seg3_270.avi,210,240,270,"(8.43, -3.67)",8.43,-3.67,"(10.14, -14.33)",10,-14.33,"(15.76, -20.7)",15,-20.7,"(20.76, -22.05)",108.892963,114.4813279,117.9435676,10,,
seg1_210_seg2_240_seg3_240.avi,210,240,240,"(8.43, -3.8)",8.43,-3.8,"(10.14, -14.46)",10,-14.46,"(15.76, -21.07)",15,-21.07,"(20.52, -22.17)",,,,10,,
seg1_210_seg2_240_seg3_210.avi,210,240,210,"(8.43, -3.8)",8.43,-3.8,"(10.38, -14.21)",10,-14.21,"(14.53, -22.91)",14,-22.91,None,,,,10,,
seg1_210_seg2_240_seg3_180.avi,210,240,180,"(8.43, -3.92)",8.43,-3.92,"(10.38, -14.95)",10,-14.95,None,#VALUE!,#VALUE!,None,,,,10,,
seg1_210_seg2_240_seg3_150.avi,210,240,150,"(8.43, -3.8)",8.43,-3.8,"(10.75, -14.33)",10,-14.33,None,#VALUE!,#VALUE!,None,,,,10,,
seg1_210_seg2_240_seg3_120.avi,210,240,120,"(8.43, -3.8)",8.43,-3.8,"(10.87, -14.46)",10,-14.46,None,#VALUE!,#VALUE!,None,,,,10,,
seg1_210_seg2_240_seg3_90.avi,210,240,90,"(8.43, -3.8)",8.43,-3.8,"(10.87, -14.46)",10,-14.46,"(8.55, -20.58)",8.55,-20.58,"(7.45, -22.79)",,,,10,,
seg1_210_seg2_240_seg3_60.avi,210,240,60,"(8.43, -4.04)",8.43,-4.04,"(11.24, -14.7)",11,-14.7,None,#VALUE!,#VALUE!,None,,,,10,,
seg1_210_seg2_240_seg3_30.avi,210,240,30,"(8.43, -3.92)",8.43,-3.92,"(11.11, -14.58)",11,-14.58,None,#VALUE!,#VALUE!,None,,,,10,,
seg1_210_seg2_240_seg3_0.avi,210,240,0,"(8.55, -3.67)",8.55,-3.67,"(11.11, -14.33)",11,-14.33,"(8.67, -20.46)",8.67,-20.46,None,,,,10,,
seg1_210_seg2_210_seg3_270.avi,210,210,270,"(8.55, -3.43)",8.55,-3.43,"(12.46, -13.72)",12,-13.72,"(20.27, -17.88)",20,-17.88,"(25.28, -17.15)",,,,10,,
seg1_210_seg2_210_seg3_240.avi,210,210,240,"(8.55, -3.55)",,,"(12.46, -13.72)",,,"(20.4, -17.76)",,,"(25.28, -17.27)",,,,10,,
seg1_210_seg2_210_seg3_210.avi,210,210,210,"(8.55, -3.43)",,,"(12.82, -13.6)",,,"(19.79, -19.97)",,,"(24.55, -21.44)",,,,10,,
seg1_210_seg2_210_seg3_180.avi,210,210,180,"(8.55, -3.43)",,,"(12.95, -13.47)",,,"(17.83, -22.05)",,,None,,,,10,,
seg1_210_seg2_210_seg3_150.avi,210,210,150,"(8.55, -3.55)",,,"(13.19, -13.47)",,,None,,,None,,,,10,,
seg1_210_seg2_210_seg3_120.avi,210,210,120,"(8.55, -3.55)",,,"(13.19, -13.23)",,,None,,,None,,,,10,,
seg1_210_seg2_210_seg3_90.avi,210,210,90,"(8.55, -3.55)",,,"(13.31, -13.35)",,,None,,,None,,,,10,,
seg1_210_seg2_210_seg3_60.avi,210,210,60,"(8.43, -3.55)",,,"(13.44, -13.35)",,,"(10.75, -21.56)",,,"(9.77, -23.03)",,,,10,,
seg1_210_seg2_210_seg3_30.avi,210,210,30,"(8.55, -3.67)",,,"(13.56, -13.35)",,,"(8.67, -21.93)",,,"(4.03, -22.54)",,,,10,,
seg1_210_seg2_210_seg3_0.avi,210,210,0,"(8.67, -3.67)",,,"(13.92, -13.11)",,,"(9.16, -21.56)",,,"(4.15, -22.17)",,,,10,,
seg1_210_seg2_180_seg3_270.avi,210,180,270,"(8.67, -3.43)",,,"(15.63, -11.64)",,,"(23.94, -9.68)",,,"(26.75, -5.27)",,,,10,,
seg1_210_seg2_180_seg3_240.avi,210,180,240,"(8.79, -3.43)",,,"(15.51, -11.76)",,,"(24.67, -11.76)",,,"(28.95, -8.82)",,,,10,,
seg1_210_seg2_180_seg3_210.avi,210,180,210,"(8.79, -3.43)",,,"(16.0, -11.39)",,,"(25.28, -13.6)",,,"(30.17, -12.98)",,,,10,,
seg1_210_seg2_180_seg3_180.avi,210,180,180,"(8.79, -3.43)",,,"(16.0, -11.52)",,,"(24.79, -16.41)",,,"(29.31, -18.01)",,,,10,,
seg1_210_seg2_180_seg3_150.avi,210,180,150,"(8.79, -3.31)",,,"(15.76, -11.52)",,,"(23.21, -18.86)",,,"(26.26, -22.66)",,,,10,,
seg1_210_seg2_180_seg3_120.avi,210,180,120,"(8.67, -3.31)",,,"(16.0, -11.39)",,,"(21.13, -20.46)",,,None,,,,10,,
seg1_210_seg2_180_seg3_90.avi,210,180,90,"(8.67, -3.55)",,,"(16.0, -11.39)",,,"(19.05, -21.07)",,,None,,,,10,,
seg1_210_seg2_180_seg3_60.avi,210,180,60,"(8.79, -3.43)",,,"(16.12, -11.27)",,,"(17.22, -21.56)",,,None,,,,10,,
seg1_210_seg2_180_seg3_30.avi,210,180,30,"(8.79, -3.43)",,,"(16.37, -11.03)",,,"(16.37, -19.97)",,,None,,,,10,,
seg1_210_seg2_180_seg3_0.avi,210,180,0,"(8.79, -3.31)",,,"(16.49, -11.03)",,,"(15.51, -20.34)",,,"(11.11, -22.42)",,,,10,,
seg1_210_seg2_150_seg3_270.avi,210,150,270,"(8.67, -3.31)",,,"(17.34, -8.94)",,,"(24.92, -4.41)",,,"(26.63, 0.49)",,,,10,,
seg1_210_seg2_150_seg3_240.avi,210,150,240,"(8.79, -3.31)",,,"(17.71, -8.7)",,,"(26.5, -5.88)",,,"(30.17, -2.21)",,,,10,,
seg1_210_seg2_150_seg3_210.avi,210,150,210,"(8.92, -3.19)",,,"(17.59, -8.57)",,,"(27.36, -8.08)",,,"(32.0, -6.25)",,,,10,,
seg1_210_seg2_150_seg3_180.avi,210,150,180,"(8.79, -3.19)",,,"(17.34, -9.31)",,,"(27.36, -12.0)",,,"(32.12, -12.98)",,,,10,,
seg1_210_seg2_150_seg3_150.avi,210,150,150,"(8.79, -3.19)",,,"(16.85, -9.92)",,,"(25.53, -16.17)",,,"(29.07, -19.36)",,,,10,,
seg1_210_seg2_150_seg3_120.avi,210,150,120,"(8.67, -3.31)",,,"(17.22, -9.68)",,,"(24.43, -17.52)",,,"(26.14, -21.8)",,,,10,,
seg1_210_seg2_150_seg3_90.avi,210,150,90,"(8.67, -3.31)",,,"(17.47, -9.55)",,,"(23.33, -18.13)",,,"(23.45, -22.79)",,,,10,,
seg1_210_seg2_150_seg3_60.avi,210,150,60,"(8.92, -3.43)",,,"(17.59, -9.31)",,,"(22.6, -17.88)",,,"(21.86, -22.91)",,,,10,,
seg1_210_seg2_150_seg3_30.avi,210,150,30,"(8.79, -3.19)",,,"(17.71, -8.7)",,,"(21.5, -17.88)",,,"(19.3, -21.93)",,,,10,,
seg1_210_seg2_150_seg3_0.avi,210,150,0,"(8.92, -3.19)",,,"(18.08, -8.45)",,,"(20.89, -17.39)",,,"(17.34, -20.82)",,,,10,,
seg1_210_seg2_120_seg3_270.avi,210,120,270,"(8.67, -3.19)",,,"(18.08, -6.74)",,,"(24.67, -0.24)",,,"(26.26, 4.53)",,,,10,,
seg1_210_seg2_120_seg3_240.avi,210,120,240,"(8.67, -3.06)",,,"(18.08, -6.98)",,,"(26.63, -2.57)",,,"(29.8, 1.1)",,,,10,,
seg1_210_seg2_120_seg3_210.avi,210,120,210,"(8.92, -3.19)",,,"(18.32, -7.84)",,,"(27.85, -5.76)",,,"(32.49, -3.92)",,,,10,,
seg1_210_seg2_120_seg3_180.avi,210,120,180,"(8.92, -3.31)",,,"(17.83, -8.45)",,,"(27.97, -9.68)",,,"(32.85, -10.41)",,,,10,,
seg1_210_seg2_120_seg3_150.avi,210,120,150,"(8.79, -3.19)",,,"(17.95, -8.57)",,,"(27.24, -12.98)",,,"(31.15, -15.92)",,,,10,,
seg1_210_seg2_120_seg3_120.avi,210,120,120,"(8.79, -2.94)",,,"(18.2, -8.45)",,,"(26.14, -14.95)",,,"(28.46, -19.23)",,,,10,,
seg1_210_seg2_120_seg3_90.avi,210,120,90,"(8.67, -3.31)",,,"(18.08, -8.08)",,,"(25.4, -15.68)",,,"(26.5, -20.21)",,,,10,,
seg1_210_seg2_120_seg3_60.avi,210,120,60,"(8.79, -3.19)",,,"(18.08, -8.08)",,,"(24.79, -16.05)",,,"(24.79, -20.58)",,,,10,,
seg1_210_seg2_120_seg3_30.avi,210,120,30,"(8.79, -3.19)",,,"(18.44, -7.72)",,,"(24.06, -15.44)",,,"(22.47, -20.09)",,,,10,,
seg1_210_seg2_120_seg3_0.avi,210,120,0,"(8.79, -3.19)",,,"(18.44, -7.1)",,,"(23.69, -14.95)",,,"(21.13, -19.36)",,,,10,,
seg1_210_seg2_90_seg3_270.avi,210,90,270,"(8.67, -3.43)",,,"(18.2, -6.37)",,,"(24.55, 0.12)",,,"(25.65, 5.02)",,,,10,,
seg1_210_seg2_90_seg3_240.avi,210,90,240,"(8.43, -3.43)",,,"(18.32, -6.62)",,,"(26.5, -1.47)",,,"(29.68, 2.33)",,,,10,,
seg1_210_seg2_90_seg3_210.avi,210,90,210,"(8.55, -3.43)",,,"(18.32, -6.86)",,,"(27.97, -3.8)",,,"(32.49, -1.96)",,,,10,,
seg1_210_seg2_90_seg3_180.avi,210,90,180,"(8.67, -3.43)",,,"(18.44, -7.1)",,,"(28.46, -6.62)",,,"(33.34, -7.23)",,,,10,,
seg1_210_seg2_90_seg3_150.avi,210,90,150,"(8.55, -3.55)",,,"(18.32, -6.86)",,,"(28.46, -9.19)",,,"(32.61, -12.13)",,,,10,,
seg1_210_seg2_90_seg3_120.avi,210,90,120,"(8.79, -3.55)",,,"(18.44, -6.86)",,,"(27.85, -10.78)",,,"(31.02, -14.58)",,,,10,,
seg1_210_seg2_90_seg3_90.avi,210,90,90,"(8.79, -3.43)",,,"(18.32, -6.86)",,,"(27.73, -10.9)",,,"(30.53, -15.07)",,,,10,,
seg1_210_seg2_90_seg3_60.avi,210,90,60,"(8.67, -3.43)",,,"(18.32, -6.86)",,,"(27.36, -11.88)",,,"(29.07, -16.05)",,,,10,,
seg1_210_seg2_90_seg3_30.avi,210,90,30,"(8.92, -3.43)",,,"(18.44, -6.62)",,,"(25.89, -12.98)",,,"(25.89, -17.64)",,,,10,,
seg1_210_seg2_90_seg3_0.avi,210,90,0,"(8.67, -3.43)",,,"(18.44, -6.25)",,,"(24.79, -13.11)",,,"(23.57, -17.76)",,,,10,,
seg1_210_seg2_60_seg3_270.avi,210,60,270,"(8.55, -3.67)",,,"(18.2, -5.02)",,,"(22.11, 3.19)",,,"(22.35, 8.33)",,,,10,,
seg1_210_seg2_60_seg3_240.avi,210,60,240,"(8.55, -3.67)",,,"(18.32, -5.02)",,,"(24.55, 2.57)",,,"(26.75, 7.1)",,,,10,,
seg1_210_seg2_60_seg3_210.avi,210,60,210,"(8.67, -3.67)",,,"(18.2, -5.02)",,,"(26.26, 1.1)",,,"(30.17, 4.41)",,,,10,,
seg1_210_seg2_60_seg3_180.avi,210,60,180,"(8.55, -3.55)",,,"(18.2, -5.02)",,,"(27.97, -1.23)",,,"(32.61, -0.49)",,,,10,,
seg1_210_seg2_60_seg3_150.avi,210,60,150,"(8.55, -3.55)",,,"(18.32, -4.9)",,,"(28.34, -3.43)",,,"(33.22, -4.66)",,,,10,,
seg1_210_seg2_60_seg3_120.avi,210,60,120,"(8.43, -3.67)",,,"(18.2, -4.9)",,,"(28.46, -4.78)",,,"(32.61, -7.47)",,,,10,,
seg1_210_seg2_60_seg3_90.avi,210,60,90,"(8.55, -3.67)",,,"(18.44, -4.78)",,,"(28.34, -4.9)",,,"(32.24, -7.84)",,,,10,,
seg1_210_seg2_60_seg3_60.avi,210,60,60,"(8.55, -3.67)",,,"(18.32, -4.9)",,,"(28.34, -5.76)",,,"(31.76, -9.06)",,,,10,,
seg1_210_seg2_60_seg3_30.avi,210,60,30,"(8.55, -3.67)",,,"(18.32, -4.66)",,,"(27.6, -7.59)",,,"(29.44, -11.64)",,,,10,,
seg1_210_seg2_60_seg3_0.avi,210,60,0,"(8.55, -3.67)",,,"(18.44, -4.53)",,,"(26.87, -8.33)",,,"(27.11, -13.11)",,,,10,,
seg1_210_seg2_30_seg3_270.avi,210,30,270,"(8.55, -3.67)",,,"(17.71, -2.82)",,,"(18.2, 6.62)",,,"(16.37, 11.27)",,,,10,,
seg1_210_seg2_30_seg3_240.avi,210,30,240,"(8.67, -3.55)",,,"(17.59, -2.69)",,,"(20.4, 6.74)",,,"(20.76, 11.52)",,,,10,,
seg1_210_seg2_30_seg3_210.avi,210,30,210,"(8.55, -3.55)",,,"(17.71, -2.69)",,,"(22.84, 6.0)",,,"(25.16, 10.29)",,,,10,,
seg1_210_seg2_30_seg3_180.avi,210,30,180,"(8.43, -3.55)",,,"(17.83, -2.57)",,,"(24.92, 4.66)",,,"(29.07, 7.47)",,,,10,,
seg1_210_seg2_30_seg3_150.avi,210,30,150,"(8.43, -3.67)",,,"(17.83, -2.57)",,,"(26.63, 2.57)",,,"(31.63, 2.94)",,,,10,,
seg1_210_seg2_30_seg3_120.avi,210,30,120,"(8.18, -3.43)",,,"(17.71, -2.57)",,,"(27.11, 0.98)",,,"(31.76, 0.24)",,,,10,,
seg1_210_seg2_30_seg3_90.avi,210,30,90,"(8.43, -3.55)",,,"(17.83, -2.45)",,,"(27.24, 0.98)",,,"(31.76, -0.12)",,,,10,,
seg1_210_seg2_30_seg3_60.avi,210,30,60,"(8.31, -3.43)",,,"(17.83, -2.45)",,,"(27.24, 0.61)",,,"(31.63, -1.23)",,,,10,,
seg1_210_seg2_30_seg3_30.avi,210,30,30,"(8.43, -3.55)",,,"(17.83, -2.45)",,,"(27.24, -1.59)",,,"(30.66, -4.9)",,,,10,,
seg1_210_seg2_30_seg3_0.avi,210,30,0,"(8.55, -3.55)",,,"(17.71, -2.45)",,,"(26.99, -2.94)",,,"(29.07, -7.35)",,,,10,,
seg1_210_seg2_0_seg3_270.avi,210,0,270,"(8.55, -3.43)",,,"(17.34, -1.59)",,,"(16.37, 7.47)",,,"(13.19, 11.88)",,,,10,,
seg1_210_seg2_0_seg3_240.avi,210,0,240,"(8.31, -3.55)",,,"(17.34, -1.59)",,,"(18.56, 7.84)",,,"(17.95, 13.23)",,,,10,,
seg1_210_seg2_0_seg3_210.avi,210,0,210,"(8.67, -3.55)",,,"(17.47, -1.47)",,,"(21.13, 7.59)",,,"(22.84, 12.37)",,,,10,,
seg1_210_seg2_0_seg3_180.avi,210,0,180,"(8.43, -3.43)",,,"(17.59, -1.59)",,,"(23.69, 6.25)",,,"(27.6, 9.43)",,,,10,,
seg1_210_seg2_0_seg3_150.avi,210,0,150,"(8.55, -3.31)",,,"(17.47, -1.71)",,,"(25.65, 4.29)",,,"(30.41, 5.51)",,,,10,,
seg1_210_seg2_0_seg3_120.avi,210,0,120,"(8.55, -3.43)",,,"(17.34, -2.08)",,,"(26.75, 2.33)",,,"(31.51, 1.96)",,,,10,,
seg1_210_seg2_0_seg3_90.avi,210,0,90,"(8.55, -3.43)",,,"(17.83, -1.96)",,,"(27.36, 1.1)",,,"(31.51, -0.12)",,,,10,,
seg1_210_seg2_0_seg3_60.avi,210,0,60,"(8.67, -3.43)",,,"(17.71, -2.21)",,,"(27.11, 1.1)",,,"(31.51, -0.49)",,,,10,,
seg1_210_seg2_0_seg3_30.avi,210,0,30,"(8.43, -3.43)",,,"(17.71, -2.33)",,,"(27.36, -1.59)",,,"(30.53, -5.02)",,,,10,,
seg1_210_seg2_0_seg3_0.avi,210,0,0,"(8.79, -3.31)",,,"(18.56, -4.53)",,,"(26.63, -9.43)",,,"(26.63, -14.21)",,,,10,,
seg1_180_seg2_270_seg3_270.avi,180,270,270,"(9.4, -1.47)",,,"(11.48, -11.03)",,,"(14.53, -19.23)",,,"(18.69, -21.68)",,,,10,,
seg1_180_seg2_270_seg3_240.avi,180,270,240,"(9.4, -1.59)",,,"(11.36, -11.15)",,,"(14.29, -19.36)",,,"(18.69, -21.93)",,,,10,,
seg1_180_seg2_270_seg3_210.avi,180,270,210,"(9.4, -1.47)",,,"(11.73, -10.9)",,,"(12.95, -20.21)",,,None,,,,10,,
seg1_180_seg2_270_seg3_180.avi,180,270,180,"(9.4, -1.47)",,,"(11.97, -10.78)",,,"(10.87, -20.82)",,,None,,,,10,,
seg1_180_seg2_270_seg3_150.avi,180,270,150,"(9.4, -1.35)",,,"(12.09, -10.66)",,,"(8.31, -20.34)",,,None,,,,10,,
seg1_180_seg2_270_seg3_120.avi,180,270,120,"(9.4, -1.23)",,,"(11.97, -10.78)",,,"(5.98, -19.72)",,,"(2.81, -22.79)",,,,10,,
seg1_180_seg2_270_seg3_90.avi,180,270,90,"(9.4, -1.35)",,,"(11.97, -10.9)",,,"(5.5, -16.91)",,,"(4.4, -17.76)",,,,10,,
seg1_180_seg2_270_seg3_60.avi,180,270,60,"(9.4, -1.47)",,,"(12.21, -10.9)",,,"(3.91, -16.29)",,,None,,,,,,
seg1_180_seg2_270_seg3_30.avi,180,270,30,"(9.28, -1.71)",,,"(12.34, -11.27)",,,"(4.03, -16.41)",,,None,,,,,,
seg1_180_seg2_270_seg3_0.avi,180,270,0,"(9.16, -1.59)",,,"(11.48, -11.52)",,,None,,,None,,,,,,
seg1_180_seg2_240_seg3_270.avi,180,240,270,"(9.53, -1.23)",,,"(13.31, -10.78)",,,"(19.18, -17.27)",,,"(23.94, -18.25)",,,,,,
seg1_180_seg2_240_seg3_240.avi,180,240,240,"(9.53, -1.23)",,,"(13.44, -10.54)",,,"(18.93, -17.52)",,,"(23.69, -18.5)",,,,,,
seg1_180_seg2_240_seg3_210.avi,180,240,210,"(9.65, -1.1)",,,"(13.44, -10.66)",,,"(17.71, -19.11)",,,"(21.74, -22.05)",,,,,,
seg1_180_seg2_240_seg3_180.avi,180,240,180,"(9.53, -1.23)",,,"(13.68, -10.66)",,,"(15.76, -20.34)",,,None,,,,,,
seg1_180_seg2_240_seg3_150.avi,180,240,150,"(9.53, -1.23)",,,"(13.8, -10.54)",,,"(13.31, -20.95)",,,None,,,,,,
seg1_180_seg2_240_seg3_120.avi,180,240,120,"(9.53, -1.23)",,,"(13.8, -10.54)",,,"(11.85, -17.03)",,,"(10.99, -20.82)",,,,,,
seg1_180_seg2_240_seg3_90.avi,180,240,90,"(9.53, -1.23)",,,"(13.92, -10.41)",,,"(8.79, -19.72)",,,"(4.76, -22.29)",,,,,,
seg1_180_seg2_240_seg3_60.avi,180,240,60,"(9.53, -1.35)",,,"(13.8, -10.66)",,,"(6.96, -18.01)",,,"(2.08, -18.5)",,,,,,
seg1_180_seg2_240_seg3_30.avi,180,240,30,"(9.65, -1.47)",,,"(13.92, -10.54)",,,None,,,None,,,,,,
seg1_180_seg2_240_seg3_0.avi,180,240,0,"(9.4, -1.47)",,,"(14.05, -10.66)",,,None,,,None,,,,,,
seg1_180_seg2_210_seg3_270.avi,180,210,270,"(9.65, -0.98)",,,"(15.51, -9.68)",,,"(23.45, -11.64)",,,"(27.6, -9.19)",,,,,,
seg1_180_seg2_210_seg3_240.avi,180,210,240,"(9.65, -1.1)",,,"(15.51, -9.68)",,,"(23.21, -13.84)",,,"(28.34, -13.11)",,,,,,
seg1_180_seg2_210_seg3_210.avi,180,210,210,"(9.53, -1.1)",,,"(15.51, -9.68)",,,"(22.47, -15.92)",,,"(27.24, -17.64)",,,,,,
seg1_180_seg2_210_seg3_180.avi,180,210,180,"(9.53, -1.1)",,,"(15.63, -9.31)",,,"(21.01, -17.76)",,,"(24.55, -21.19)",,,,,,
seg1_180_seg2_210_seg3_150.avi,180,210,150,"(9.4, -1.1)",,,"(15.76, -9.19)",,,"(19.05, -19.23)",,,None,,,,,,
seg1_180_seg2_210_seg3_120.avi,180,210,120,"(9.4, -0.98)",,,"(16.0, -9.19)",,,"(16.85, -19.84)",,,None,,,,,,
seg1_180_seg2_210_seg3_90.avi,180,210,90,"(9.4, -0.98)",,,"(16.12, -9.19)",,,"(14.66, -19.72)",,,None,,,,,,
seg1_180_seg2_210_seg3_60.avi,180,210,60,"(9.28, -1.23)",,,"(16.0, -9.06)",,,"(12.82, -18.86)",,,"(8.67, -21.32)",,,,,,
seg1_180_seg2_210_seg3_30.avi,180,210,30,"(9.4, -1.1)",,,"(16.24, -9.19)",,,"(11.48, -17.88)",,,"(6.47, -18.5)",,,,,,
seg1_180_seg2_210_seg3_0.avi,180,210,0,"(9.53, -0.98)",,,"(16.12, -9.06)",,,"(11.11, -17.64)",,,"(6.23, -17.88)",,,,,,
seg1_180_seg2_180_seg3_270.avi,180,180,270,"(9.53, -0.98)",,,"(17.59, -7.84)",,,"(26.38, -7.84)",,,"(30.66, -5.14)",,,,,,
seg1_180_seg2_180_seg3_240.avi,180,180,240,"(9.4, -0.98)",,,"(17.71, -7.59)",,,"(26.75, -7.84)",,,"(31.15, -5.27)",,,,,,
seg1_180_seg2_180_seg3_210.avi,180,180,210,"(9.53, -0.98)",,,"(17.83, -7.72)",,,"(27.11, -10.17)",,,"(32.0, -9.68)",,,,,,
seg1_180_seg2_180_seg3_180.avi,180,180,180,"(9.53, -1.1)",,,"(17.83, -7.59)",,,"(26.38, -13.11)",,,"(30.9, -14.82)",,,,,,
seg1_180_seg2_180_seg3_150.avi,180,180,150,"(9.28, -0.98)",,,"(17.83, -7.35)",,,"(25.04, -14.95)",,,"(28.21, -18.74)",,,,,,
seg1_180_seg2_180_seg3_120.avi,180,180,120,"(9.4, -0.98)",,,"(18.2, -7.23)",,,"(23.45, -16.17)",,,"(24.92, -20.58)",,,,,,
seg1_180_seg2_180_seg3_90.avi,180,180,90,"(9.53, -1.1)",,,"(18.44, -6.86)",,,"(22.11, -16.54)",,,"(21.62, -21.19)",,,,,,
seg1_180_seg2_180_seg3_60.avi,180,180,60,"(9.53, -0.86)",,,"(18.81, -6.62)",,,"(20.76, -16.66)",,,"(18.32, -20.82)",,,,,,
seg1_180_seg2_180_seg3_30.avi,180,180,30,"(9.53, -0.86)",,,"(18.81, -6.37)",,,"(19.05, -16.17)",,,"(15.39, -19.23)",,,,,,
seg1_180_seg2_180_seg3_0.avi,180,180,0,"(9.4, -0.86)",,,"(18.81, -6.37)",,,"(18.56, -15.68)",,,"(14.29, -18.38)",,,,,,
seg1_180_seg2_150_seg3_270.avi,180,150,270,"(9.4, -0.73)",,,"(19.42, -4.66)",,,"(26.26, 0.49)",,,"(27.24, 5.51)",,,,,,
seg1_180_seg2_150_seg3_240.avi,180,150,240,"(9.53, -0.73)",,,"(19.54, -4.41)",,,"(28.09, -0.61)",,,"(31.02, 3.43)",,,,,,
seg1_180_seg2_150_seg3_210.avi,180,150,210,"(9.53, -0.86)",,,"(19.91, -4.41)",,,"(29.19, -2.57)",,,"(33.34, -0.37)",,,,,,
seg1_180_seg2_150_seg3_180.avi,180,150,180,"(9.4, -0.86)",,,"(19.66, -4.29)",,,"(29.56, -5.27)",,,"(34.81, -5.51)",,,,,,
seg1_180_seg2_150_seg3_150.avi,180,150,150,"(9.53, -0.98)",,,"(19.66, -4.41)",,,"(29.31, -8.21)",,,"(33.47, -10.78)",,,,,,
seg1_180_seg2_150_seg3_120.avi,180,150,120,"(9.53, -0.98)",,,"(19.66, -4.04)",,,"(28.21, -10.04)",,,"(30.66, -14.21)",,,,,,
seg1_180_seg2_150_seg3_90.avi,180,150,90,"(9.53, -0.98)",,,"(19.91, -3.92)",,,"(26.87, -11.15)",,,"(27.73, -15.92)",,,,,,
seg1_180_seg2_150_seg3_60.avi,180,150,60,"(9.53, -0.86)",,,"(19.79, -3.92)",,,"(25.89, -12.0)",,,"(25.4, -16.54)",,,,,,
seg1_180_seg2_150_seg3_30.avi,180,150,30,"(9.4, -0.86)",,,"(19.79, -3.55)",,,"(24.43, -11.88)",,,"(22.72, -16.54)",,,,,,
seg1_180_seg2_150_seg3_0.avi,180,150,0,"(9.4, -0.86)",,,"(19.91, -3.31)",,,"(23.57, -11.76)",,,"(20.4, -15.92)",,,,,,
seg1_180_seg2_120_seg3_270.avi,180,120,270,"(9.53, -0.86)",,,"(19.91, -1.23)",,,"(24.92, 6.25)",,,"(25.16, 11.39)",,,,,,
seg1_180_seg2_120_seg3_240.avi,180,120,240,"(9.4, -0.98)",,,"(20.03, -1.47)",,,"(27.11, 4.66)",,,"(29.44, 9.19)",,,,,,
seg1_180_seg2_120_seg3_210.avi,180,120,210,"(9.53, -0.86)",,,"(19.91, -1.71)",,,"(28.7, 2.57)",,,"(32.85, 5.63)",,,,,,
seg1_180_seg2_120_seg3_180.avi,180,120,180,"(9.4, -0.86)",,,"(20.03, -2.45)",,,"(30.05, -0.98)",,,"(35.18, -0.49)",,,,,,
seg1_180_seg2_120_seg3_150.avi,180,120,150,"(9.65, -0.73)",,,"(20.03, -2.45)",,,"(30.29, -4.53)",,,"(34.81, -6.62)",,,,,,
seg1_180_seg2_120_seg3_120.avi,180,120,120,"(9.65, -0.86)",,,"(20.03, -2.33)",,,"(29.31, -6.25)",,,"(32.61, -10.04)",,,,,,
seg1_180_seg2_120_seg3_90.avi,180,120,90,"(9.4, -0.86)",,,"(20.03, -1.84)",,,"(28.58, -7.47)",,,"(30.41, -11.88)",,,,,,
seg1_180_seg2_120_seg3_60.avi,180,120,60,"(9.53, -0.98)",,,"(20.15, -1.71)",,,"(28.21, -7.47)",,,"(29.31, -12.13)",,,,,,
seg1_180_seg2_120_seg3_30.avi,180,120,30,"(9.53, -0.86)",,,"(20.03, -1.59)",,,"(27.24, -7.96)",,,"(26.87, -12.49)",,,,,,
seg1_180_seg2_120_seg3_0.avi,180,120,0,"(9.4, -0.86)",,,"(20.03, -0.98)",,,"(26.38, -7.72)",,,"(24.67, -12.37)",,,,,,
seg1_180_seg2_90_seg3_270.avi,180,90,270,"(9.4, -0.98)",,,"(19.66, -0.24)",,,"(24.06, 7.84)",,,"(23.57, 12.98)",,,,,,
seg1_180_seg2_90_seg3_240.avi,180,90,240,"(9.4, -0.98)",,,"(19.91, -0.24)",,,"(26.26, 6.74)",,,"(28.46, 11.39)",,,,,,
seg1_180_seg2_90_seg3_210.avi,180,90,210,"(9.53, -0.98)",,,"(20.03, -0.86)",,,"(28.21, 4.53)",,,"(32.37, 7.96)",,,,,,
seg1_180_seg2_90_seg3_180.avi,180,90,180,"(9.4, -0.86)",,,"(19.91, -0.86)",,,"(29.68, 2.21)",,,"(34.69, 3.31)",,,,,,
seg1_180_seg2_90_seg3_150.avi,180,90,150,"(9.4, -0.98)",,,"(20.03, -0.86)",,,"(30.41, -0.73)",,,"(35.18, -2.21)",,,,,,
seg1_180_seg2_90_seg3_120.avi,180,90,120,"(9.4, -1.1)",,,"(20.27, -0.61)",,,"(30.17, -2.82)",,,"(33.59, -5.88)",,,,,,
seg1_180_seg2_90_seg3_90.avi,180,90,90,"(9.4, -0.98)",,,"(20.03, -0.37)",,,"(29.56, -3.67)",,,"(32.37, -7.59)",,,,,,
seg1_180_seg2_90_seg3_60.avi,180,90,60,"(9.53, -0.98)",,,"(20.03, -0.37)",,,"(29.31, -3.92)",,,"(31.76, -8.21)",,,,,,
seg1_180_seg2_90_seg3_30.avi,180,90,30,"(9.4, -0.98)",,,"(20.03, -0.24)",,,"(28.46, -5.14)",,,"(29.07, -9.55)",,,,,,
seg1_180_seg2_90_seg3_0.avi,180,90,0,"(9.4, -0.98)",,,"(19.79, 0.24)",,,"(27.24, -5.51)",,,"(26.38, -10.17)",,,,,,
seg1_180_seg2_60_seg3_270.avi,180,60,270,"(9.4, -0.86)",,,"(19.42, 1.96)",,,"(21.62, 10.66)",,,"(20.15, 15.8)",,,,,,
seg1_180_seg2_60_seg3_240.avi,180,60,240,"(9.4, -0.86)",,,"(19.3, 1.59)",,,"(23.69, 10.29)",,,"(24.79, 15.31)",,,,,,
seg1_180_seg2_60_seg3_210.avi,180,60,210,"(9.53, -0.98)",,,"(19.3, 1.71)",,,"(25.53, 9.43)",,,"(28.58, 13.84)",,,,,,
seg1_180_seg2_60_seg3_180.avi,180,60,180,"(9.4, -0.98)",,,"(19.3, 1.71)",,,"(27.6, 7.72)",,,"(32.49, 9.8)",,,,,,
seg1_180_seg2_60_seg3_150.avi,180,60,150,"(9.4, -1.1)",,,"(19.42, 1.71)",,,"(28.95, 5.27)",,,"(34.08, 4.9)",,,,,,
seg1_180_seg2_60_seg3_120.avi,180,60,120,"(9.53, -1.1)",,,"(19.42, 1.84)",,,"(29.19, 3.19)",,,"(33.59, 0.73)",,,,,,
seg1_180_seg2_60_seg3_90.avi,180,60,90,"(9.28, -0.98)",,,"(19.3, 1.59)",,,"(29.19, 2.69)",,,"(33.34, 0.12)",,,,,,
seg1_180_seg2_60_seg3_60.avi,180,60,60,"(9.28, -0.98)",,,"(19.42, 1.71)",,,"(28.95, 2.45)",,,"(32.85, -0.73)",,,,,,
seg1_180_seg2_60_seg3_30.avi,180,60,30,"(9.4, -0.86)",,,"(19.05, 1.71)",,,"(28.7, 0.86)",,,"(31.02, -3.19)",,,,,,
seg1_180_seg2_60_seg3_0.avi,180,60,0,"(9.4, -0.98)",,,"(19.18, 2.08)",,,"(27.85, -0.49)",,,"(28.95, -5.27)",,,,,,
seg1_180_seg2_30_seg3_270.avi,180,30,270,"(9.53, -0.61)",,,"(18.08, 3.8)",,,"(16.49, 12.49)",,,"(12.95, 17.03)",,,,,,
seg1_180_seg2_30_seg3_240.avi,180,30,240,"(9.53, -0.86)",,,"(18.08, 3.8)",,,"(18.32, 13.35)",,,"(16.85, 18.5)",,,,,,
seg1_180_seg2_30_seg3_210.avi,180,30,210,"(9.28, -0.73)",,,"(17.95, 3.8)",,,"(20.27, 13.47)",,,"(21.25, 18.74)",,,,,,
seg1_180_seg2_30_seg3_180.avi,180,30,180,"(9.28, -0.98)",,,"(18.08, 3.8)",,,"(22.96, 12.49)",,,"(26.26, 16.91)",,,,,,
seg1_180_seg2_30_seg3_150.avi,180,30,150,"(9.4, -0.73)",,,"(18.08, 3.67)",,,"(24.92, 11.03)",,,"(30.05, 12.86)",,,,,,
seg1_180_seg2_30_seg3_120.avi,180,30,120,"(9.53, -0.73)",,,"(18.32, 3.92)",,,"(26.26, 9.19)",,,"(31.51, 8.7)",,,,,,
seg1_180_seg2_30_seg3_90.avi,180,30,90,"(9.4, -0.73)",,,"(18.2, 3.55)",,,"(26.87, 8.33)",,,"(31.39, 7.23)",,,,,,
seg1_180_seg2_30_seg3_60.avi,180,30,60,"(9.4, -0.86)",,,"(18.2, 3.8)",,,"(26.99, 7.84)",,,"(31.39, 5.76)",,,,,,
seg1_180_seg2_30_seg3_30.avi,180,30,30,"(9.53, -0.86)",,,"(17.95, 3.8)",,,"(26.87, 6.12)",,,"(30.66, 3.06)",,,,,,
seg1_180_seg2_30_seg3_0.avi,180,30,0,"(9.4, -0.98)",,,"(17.71, 3.8)",,,"(26.87, 4.66)",,,"(29.31, 0.61)",,,,,,
seg1_180_seg2_0_seg3_270.avi,180,0,270,"(9.65, -0.49)",,,"(16.73, 5.14)",,,"(12.34, 13.35)",,,"(8.06, 16.29)",,,,,,
seg1_180_seg2_0_seg3_240.avi,180,0,240,"(9.53, -0.49)",,,"(16.73, 5.39)",,,"(14.17, 14.33)",,,"(11.48, 18.86)",,,,,,
seg1_180_seg2_0_seg3_210.avi,180,0,210,"(9.4, -0.61)",,,"(16.73, 5.02)",,,"(16.12, 15.31)",,,"(15.51, 20.21)",,,,,,
seg1_180_seg2_0_seg3_180.avi,180,0,180,"(9.65, -0.37)",,,"(16.73, 5.14)",,,"(18.93, 15.31)",,,"(21.01, 20.09)",,,,,,
seg1_180_seg2_0_seg3_150.avi,180,0,150,"(9.65, -0.49)",,,"(16.73, 4.78)",,,"(21.37, 13.96)",,,"(25.77, 17.39)",,,,,,
seg1_180_seg2_0_seg3_120.avi,180,0,120,"(9.65, -0.61)",,,"(17.1, 4.9)",,,"(23.94, 12.13)",,,"(28.82, 12.98)",,,,,,
seg1_180_seg2_0_seg3_90.avi,180,0,90,"(9.65, -0.61)",,,"(17.22, 4.66)",,,"(24.67, 11.15)",,,"(29.68, 10.9)",,,,,,
seg1_180_seg2_0_seg3_60.avi,180,0,60,"(9.65, -0.61)",,,"(17.59, 4.53)",,,"(25.89, 9.43)",,,"(30.41, 8.33)",,,,,,
seg1_180_seg2_0_seg3_30.avi,180,0,30,"(9.53, -0.49)",,,"(18.2, 3.67)",,,"(27.24, 5.88)",,,"(30.9, 2.82)",,,,,,
seg1_180_seg2_0_seg3_0.avi,180,0,0,"(9.53, -0.73)",,,"(19.66, 1.1)",,,"(27.97, -2.57)",,,"(28.21, -7.47)",,,,,,
seg1_150_seg2_270_seg3_270.avi,150,270,270,"(9.4, 0.0)",,,"(13.56, -8.45)",,,"(16.73, -16.91)",,,"(20.64, -19.6)",,,,,,
seg1_150_seg2_270_seg3_240.avi,150,270,240,"(9.53, -0.12)",,,"(13.68, -8.33)",,,"(15.39, -17.52)",,,"(18.69, -21.07)",,,,,,
seg1_150_seg2_270_seg3_210.avi,150,270,210,"(9.53, -0.24)",,,"(13.68, -8.45)",,,"(13.19, -18.25)",,,"(14.29, -23.03)",,,,,,
seg1_150_seg2_270_seg3_180.avi,150,270,180,"(9.53, -0.12)",,,"(13.68, -8.57)",,,"(12.82, -18.25)",,,"(13.68, -23.03)",,,,,,
seg1_150_seg2_270_seg3_150.avi,150,270,150,"(9.53, -0.12)",,,"(13.68, -8.57)",,,"(10.14, -18.38)",,,"(8.55, -22.79)",,,,,,
seg1_150_seg2_270_seg3_120.avi,150,270,120,"(9.53, -0.24)",,,"(13.44, -8.57)",,,"(7.69, -16.91)",,,"(4.03, -20.09)",,,,,,
seg1_150_seg2_270_seg3_90.avi,150,270,90,"(9.53, -0.24)",,,"(13.56, -8.7)",,,"(5.86, -15.19)",,,None,,,,,,
seg1_150_seg2_270_seg3_60.avi,150,270,60,"(9.53, -0.37)",,,"(13.68, -8.7)",,,"(5.25, -13.84)",,,None,,,,,,
seg1_150_seg2_270_seg3_30.avi,150,270,30,"(9.53, -0.24)",,,"(13.68, -8.57)",,,"(4.52, -11.76)",,,None,,,,,,
seg1_150_seg2_270_seg3_0.avi,150,270,0,"(9.53, -0.37)",,,"(13.8, -8.7)",,,"(4.76, -11.64)",,,None,,,,,,
seg1_150_seg2_240_seg3_270.avi,150,240,270,"(9.4, 0.37)",,,"(16.24, -6.49)",,,"(23.57, -10.17)",,,"(28.21, -8.7)",,,,,,
seg1_150_seg2_240_seg3_240.avi,150,240,240,"(9.53, 0.12)",,,"(16.49, -6.49)",,,"(23.21, -11.88)",,,"(28.46, -12.0)",,,,,,
seg1_150_seg2_240_seg3_210.avi,150,240,210,"(9.53, 0.12)",,,"(16.49, -6.49)",,,"(22.35, -13.84)",,,"(26.63, -15.8)",,,,,,
seg1_150_seg2_240_seg3_180.avi,150,240,180,"(9.53, 0.12)",,,"(16.49, -6.49)",,,"(20.4, -15.44)",,,"(23.57, -19.36)",,,,,,
seg1_150_seg2_240_seg3_150.avi,150,240,150,"(9.4, 0.12)",,,"(16.49, -6.62)",,,"(18.08, -16.91)",,,"(18.93, -21.56)",,,,,,
seg1_150_seg2_240_seg3_120.avi,150,240,120,"(9.4, 0.12)",,,"(16.49, -6.49)",,,"(15.15, -16.66)",,,"(13.68, -21.56)",,,,,,
seg1_150_seg2_240_seg3_90.avi,150,240,90,"(9.4, 0.12)",,,"(16.49, -6.74)",,,"(12.82, -16.29)",,,"(9.16, -19.6)",,,,,,
seg1_150_seg2_240_seg3_60.avi,150,240,60,"(9.4, 0.12)",,,"(16.61, -6.49)",,,"(11.6, -15.31)",,,"(6.96, -17.15)",,,,,,
seg1_150_seg2_240_seg3_30.avi,150,240,30,"(9.53, 0.24)",,,"(16.61, -6.62)",,,"(9.65, -13.72)",,,"(5.25, -13.6)",,,,,,
seg1_150_seg2_240_seg3_0.avi,150,240,0,"(9.4, 0.12)",,,"(16.61, -6.62)",,,"(9.53, -13.72)",,,"(5.01, -13.23)",,,,,,
seg1_150_seg2_210_seg3_270.avi,150,210,270,"(9.4, 0.37)",,,"(18.2, -4.66)",,,"(26.5, -6.62)",,,"(31.51, -4.66)",,,,,,
seg1_150_seg2_210_seg3_240.avi,150,210,240,"(9.53, 0.37)",,,"(18.44, -4.66)",,,"(26.75, -6.86)",,,"(31.27, -4.9)",,,,,,
seg1_150_seg2_210_seg3_210.avi,150,210,210,"(9.4, 0.37)",,,"(18.32, -4.66)",,,"(26.5, -9.06)",,,"(31.39, -9.43)",,,,,,
seg1_150_seg2_210_seg3_180.avi,150,210,180,"(9.53, 0.24)",,,"(18.32, -4.78)",,,"(25.53, -11.64)",,,"(29.68, -14.33)",,,,,,
seg1_150_seg2_210_seg3_150.avi,150,210,150,"(9.53, 0.24)",,,"(18.2, -4.66)",,,"(23.57, -13.35)",,,"(26.02, -17.39)",,,,,,
seg1_150_seg2_210_seg3_120.avi,150,210,120,"(9.53, 0.37)",,,"(18.32, -4.66)",,,"(21.37, -14.7)",,,"(21.5, -19.48)",,,,,,
seg1_150_seg2_210_seg3_90.avi,150,210,90,"(9.53, 0.24)",,,"(18.32, -4.78)",,,"(18.69, -14.82)",,,"(16.61, -19.23)",,,,,,
seg1_150_seg2_210_seg3_60.avi,150,210,60,"(9.4, 0.37)",,,"(18.32, -4.66)",,,"(17.34, -14.7)",,,"(13.92, -18.25)",,,,,,
seg1_150_seg2_210_seg3_30.avi,150,210,30,"(9.4, 0.37)",,,"(18.44, -4.78)",,,"(15.88, -13.72)",,,"(10.87, -15.8)",,,,,,
seg1_150_seg2_210_seg3_0.avi,150,210,0,"(9.53, 0.24)",,,"(18.44, -4.53)",,,"(15.27, -13.35)",,,"(10.38, -14.82)",,,,,,
seg1_150_seg2_180_seg3_270.avi,150,180,270,"(9.28, 0.37)",,,"(19.42, -2.57)",,,"(27.36, 0.86)",,,"(29.44, 5.27)",,,,,,
seg1_150_seg2_180_seg3_240.avi,150,180,240,"(9.53, 0.37)",,,"(19.42, -2.82)",,,"(28.21, -1.47)",,,"(32.0, 1.96)",,,,,,
seg1_150_seg2_180_seg3_210.avi,150,180,210,"(9.53, 0.37)",,,"(19.3, -2.82)",,,"(28.95, -3.67)",,,"(33.83, -2.08)",,,,,,
seg1_150_seg2_180_seg3_180.avi,150,180,180,"(9.53, 0.24)",,,"(19.42, -2.57)",,,"(28.95, -6.12)",,,"(33.71, -6.86)",,,,,,
seg1_150_seg2_180_seg3_150.avi,150,180,150,"(9.4, 0.24)",,,"(19.66, -2.94)",,,"(27.97, -8.82)",,,"(31.76, -11.52)",,,,,,
seg1_150_seg2_180_seg3_120.avi,150,180,120,"(9.53, 0.37)",,,"(19.54, -2.45)",,,"(26.5, -10.29)",,,"(28.58, -14.58)",,,,,,
seg1_150_seg2_180_seg3_90.avi,150,180,90,"(9.53, 0.49)",,,"(19.66, -2.45)",,,"(24.79, -11.27)",,,"(24.79, -16.05)",,,,,,
seg1_150_seg2_180_seg3_60.avi,150,180,60,"(9.4, 0.37)",,,"(19.79, -2.33)",,,"(23.21, -11.76)",,,None,,,,,,
seg1_150_seg2_180_seg3_30.avi,150,180,30,"(9.53, 0.37)",,,"(19.79, -2.08)",,,"(21.62, -11.64)",,,"(18.32, -15.07)",,,,,,
seg1_150_seg2_180_seg3_0.avi,150,180,0,"(9.4, 0.37)",,,"(19.79, -1.84)",,,"(21.25, -11.15)",,,"(17.34, -14.46)",,,,,,
seg1_150_seg2_150_seg3_270.avi,150,150,270,"(9.4, 0.37)",,,"(20.15, 0.61)",,,"(26.5, 11.88)",,,None,,,,,,
seg1_150_seg2_150_seg3_240.avi,150,150,240,"(9.4, 0.37)",,,"(20.15, 0.37)",,,"(28.21, 4.78)",,,"(30.41, 9.31)",,,,,,
seg1_150_seg2_150_seg3_210.avi,150,150,210,"(9.53, 0.37)",,,"(20.27, 0.12)",,,"(29.19, 2.82)",,,"(33.47, 5.88)",,,,,,
seg1_150_seg2_150_seg3_180.avi,150,150,180,"(9.53, 0.37)",,,"(20.27, -0.12)",,,"(30.29, 0.12)",,,"(35.18, 0.61)",,,,,,
seg1_150_seg2_150_seg3_150.avi,150,150,150,"(9.4, 0.24)",,,"(20.27, -0.37)",,,"(30.29, -2.82)",,,"(34.81, -4.9)",,,,,,
seg1_150_seg2_150_seg3_120.avi,150,150,120,"(9.4, 0.24)",,,"(20.03, -0.12)",,,"(29.19, -5.02)",,,"(32.49, -8.82)",,,,,,
seg1_150_seg2_150_seg3_90.avi,150,150,90,"(9.4, 0.24)",,,"(20.27, 0.12)",,,"(27.97, -6.74)",,,"(29.31, -11.15)",,,,,,
seg1_150_seg2_150_seg3_60.avi,150,150,60,"(9.53, 0.37)",,,"(20.15, 0.12)",,,"(27.24, -7.1)",,,"(27.6, -11.88)",,,,,,
seg1_150_seg2_150_seg3_30.avi,150,150,30,"(9.53, 0.37)",,,"(20.27, 0.37)",,,"(25.89, -7.59)",,,"(24.55, -12.25)",,,,,,
seg1_150_seg2_150_seg3_0.avi,150,150,0,"(9.4, 0.37)",,,"(20.27, 0.49)",,,"(24.67, -7.35)",,,"(21.74, -11.64)",,,,,,
seg1_150_seg2_120_seg3_270.avi,150,120,270,"(9.53, 0.37)",,,"(19.54, 2.69)",,,"(24.18, 10.9)",,,"(23.82, 15.8)",,,,,,
seg1_150_seg2_120_seg3_240.avi,150,120,240,"(9.53, 0.24)",,,"(19.91, 2.57)",,,"(26.5, 9.43)",,,"(28.34, 14.21)",,,,,,
seg1_150_seg2_120_seg3_210.avi,150,120,210,"(9.53, 0.37)",,,"(19.91, 2.45)",,,"(28.09, 7.96)",,,"(31.88, 11.64)",,,,,,
seg1_150_seg2_120_seg3_180.avi,150,120,180,"(9.53, 0.37)",,,"(20.15, 2.33)",,,"(29.68, 5.27)",,,"(34.81, 6.25)",,,,,,
seg1_150_seg2_120_seg3_150.avi,150,120,150,"(9.53, 0.12)",,,"(20.03, 1.96)",,,"(30.41, 1.71)",,,"(35.3, -0.24)",,,,,,
seg1_150_seg2_120_seg3_120.avi,150,120,120,"(9.4, 0.12)",,,"(20.15, 1.84)",,,"(29.8, -1.1)",,,"(33.47, -4.41)",,,,,,
seg1_150_seg2_120_seg3_90.avi,150,120,90,"(9.4, 0.12)",,,"(20.15, 1.96)",,,"(29.19, -2.33)",,,"(31.51, -6.49)",,,,,,
seg1_150_seg2_120_seg3_60.avi,150,120,60,"(9.4, 0.24)",,,"(20.03, 1.96)",,,"(28.95, -2.57)",,,"(30.66, -6.86)",,,,,,
seg1_150_seg2_120_seg3_30.avi,150,120,30,"(9.4, 0.24)",,,"(20.03, 2.33)",,,"(27.97, -3.06)",,,"(28.34, -7.84)",,,,,,
seg1_150_seg2_120_seg3_0.avi,150,120,0,"(9.4, 0.24)",,,"(19.91, 2.69)",,,"(26.75, -3.31)",,,"(25.89, -7.72)",,,,,,
seg1_150_seg2_90_seg3_270.avi,150,90,270,"(9.53, 0.37)",,,"(19.42, 3.8)",,,"(22.72, 12.62)",,,"(22.23, 17.64)",,,,,,
seg1_150_seg2_90_seg3_240.avi,150,90,240,"(9.53, 0.37)",,,"(19.3, 3.8)",,,"(25.04, 11.52)",,,"(26.87, 16.78)",,,,,,
seg1_150_seg2_90_seg3_210.avi,150,90,210,"(9.4, 0.37)",,,"(19.91, 3.55)",,,"(27.36, 9.43)",,,"(31.15, 13.35)",,,,,,
seg1_150_seg2_90_seg3_180.avi,150,90,180,"(9.53, 0.49)",,,"(19.79, 3.19)",,,"(29.07, 6.86)",,,"(34.44, 8.57)",,,,,,
seg1_150_seg2_90_seg3_150.avi,150,90,150,"(9.53, 0.61)",,,"(19.54, 3.19)",,,"(29.92, 4.29)",,,"(34.93, 2.94)",,,,,,
seg1_150_seg2_90_seg3_120.avi,150,90,120,"(9.53, 0.49)",,,"(19.79, 3.19)",,,"(29.8, 2.08)",,,"(33.59, -0.98)",,,,,,
seg1_150_seg2_90_seg3_90.avi,150,90,90,"(9.53, 0.49)",,,"(19.66, 3.55)",,,"(29.19, 1.23)",,,"(32.37, -2.82)",,,,,,
seg1_150_seg2_90_seg3_60.avi,150,90,60,"(9.53, 0.49)",,,"(19.91, 3.55)",,,"(29.07, 0.98)",,,"(31.88, -3.19)",,,,,,
seg1_150_seg2_90_seg3_30.avi,150,90,30,"(9.4, 0.61)",,,"(19.66, 3.67)",,,"(28.46, -0.12)",,,None,,,,,,
seg1_150_seg2_90_seg3_0.avi,150,90,0,"(9.65, 0.49)",,,"(19.3, 4.41)",,,"(27.11, -0.12)",,,"(27.24, -4.78)",,,,,,
seg1_150_seg2_60_seg3_270.avi,150,60,270,"(9.4, 0.73)",,,"(18.69, 5.51)",,,"(20.64, 14.58)",,,"(19.18, 19.6)",,,,,,
seg1_150_seg2_60_seg3_240.avi,150,60,240,"(9.28, 0.61)",,,"(18.56, 5.51)",,,"(22.6, 14.33)",,,"(23.45, 19.48)",,,,,,
seg1_150_seg2_60_seg3_210.avi,150,60,210,"(9.4, 0.73)",,,"(18.44, 5.51)",,,"(24.55, 13.6)",,,"(27.73, 18.25)",,,,,,
seg1_150_seg2_60_seg3_180.avi,150,60,180,"(9.4, 0.73)",,,"(18.81, 5.63)",,,"(26.5, 11.88)",,,"(31.51, 14.33)",,,,,,
seg1_150_seg2_60_seg3_150.avi,150,60,150,"(9.28, 0.73)",,,"(18.56, 5.51)",,,"(28.09, 9.43)",,,"(33.22, 9.06)",,,,,,
seg1_150_seg2_60_seg3_120.avi,150,60,120,"(9.4, 0.61)",,,"(18.56, 5.63)",,,"(28.34, 7.35)",,,"(32.61, 5.14)",,,,,,
seg1_150_seg2_60_seg3_90.avi,150,60,90,"(9.28, 0.61)",,,"(18.56, 5.76)",,,"(28.21, 6.98)",,,"(32.49, 4.41)",,,,,,
seg1_150_seg2_60_seg3_60.avi,150,60,60,"(9.28, 0.61)",,,"(18.56, 5.63)",,,"(28.09, 6.62)",,,"(32.37, 3.67)",,,,,,
seg1_150_seg2_60_seg3_30.avi,150,60,30,"(9.28, 0.61)",,,"(18.32, 5.76)",,,"(27.85, 5.39)",,,"(30.66, 1.23)",,,,,,
seg1_150_seg2_60_seg3_0.avi,150,60,0,"(9.28, 0.61)",,,"(18.44, 6.25)",,,"(27.11, 4.29)",,,None,,,,,,
seg1_150_seg2_30_seg3_270.avi,150,30,270,"(9.28, 0.86)",,,"(16.85, 7.23)",,,"(14.53, 16.41)",,,"(11.11, 20.21)",,,,,,
seg1_150_seg2_30_seg3_240.avi,150,30,240,"(9.4, 0.86)",,,"(16.73, 7.47)",,,"(16.61, 16.91)",,,"(15.02, 22.29)",,,,,,
seg1_150_seg2_30_seg3_210.avi,150,30,210,"(9.16, 0.98)",,,"(16.98, 7.47)",,,"(18.69, 17.39)",,,"(19.42, 22.79)",,,,,,
seg1_150_seg2_30_seg3_180.avi,150,30,180,"(9.28, 0.86)",,,"(16.98, 7.35)",,,"(21.37, 16.54)",,,"(24.67, 20.95)",,,,,,
seg1_150_seg2_30_seg3_150.avi,150,30,150,"(9.16, 0.98)",,,"(16.85, 7.59)",,,"(23.69, 15.19)",,,"(28.7, 17.15)",,,,,,
seg1_150_seg2_30_seg3_120.avi,150,30,120,"(9.28, 0.98)",,,"(16.85, 7.59)",,,"(24.92, 13.11)",,,"(30.17, 12.49)",,,,,,
seg1_150_seg2_30_seg3_90.avi,150,30,90,"(9.28, 0.98)",,,"(16.73, 7.72)",,,"(25.16, 12.49)",,,"(30.17, 11.15)",,,,,,
seg1_150_seg2_30_seg3_60.avi,150,30,60,"(9.28, 0.98)",,,"(16.61, 7.59)",,,"(25.28, 12.13)",,,"(30.05, 10.41)",,,,,,
seg1_150_seg2_30_seg3_30.avi,150,30,30,"(9.53, 0.86)",,,"(16.85, 7.84)",,,"(25.28, 10.9)",,,"(29.07, 7.84)",,,,,,
seg1_150_seg2_30_seg3_0.avi,150,30,0,"(9.28, 0.86)",,,"(16.37, 7.59)",,,"(25.28, 9.43)",,,"(28.09, 5.51)",,,,,,
seg1_150_seg2_0_seg3_270.avi,150,0,270,"(9.16, 1.23)",,,"(14.9, 8.94)",,,"(9.28, 15.92)",,,"(4.4, 17.88)",,,,,,
seg1_150_seg2_0_seg3_240.avi,150,0,240,"(9.28, 1.23)",,,"(14.9, 8.82)",,,"(10.87, 17.52)",,,"(7.08, 21.68)",,,,,,
seg1_150_seg2_0_seg3_210.avi,150,0,210,"(9.28, 1.1)",,,"(14.9, 8.82)",,,"(12.46, 18.38)",,,"(10.87, 24.01)",,,,,,
seg1_150_seg2_0_seg3_180.avi,150,0,180,"(9.28, 1.23)",,,"(15.02, 8.7)",,,"(15.51, 18.99)",,,"(16.98, 24.5)",,,,,,
seg1_150_seg2_0_seg3_150.avi,150,0,150,"(9.28, 1.1)",,,"(14.9, 8.7)",,,"(18.08, 18.38)",,,"(22.11, 22.42)",,,,,,
seg1_150_seg2_0_seg3_120.avi,150,0,120,"(9.4, 1.23)",,,"(15.02, 8.82)",,,"(20.27, 17.15)",,,"(25.28, 18.62)",,,,,,
seg1_150_seg2_0_seg3_90.avi,150,0,90,"(9.4, 1.23)",,,"(14.9, 8.7)",,,"(21.25, 16.29)",,,"(26.02, 16.91)",,,,,,
seg1_150_seg2_0_seg3_60.avi,150,0,60,"(9.4, 1.23)",,,"(15.02, 8.82)",,,"(21.5, 15.8)",,,"(26.38, 15.56)",,,,,,
seg1_150_seg2_0_seg3_30.avi,150,0,30,"(9.4, 1.23)",,,"(14.9, 8.94)",,,"(22.23, 14.46)",,,"(26.63, 12.74)",,,,,,
seg1_150_seg2_0_seg3_0.avi,150,0,0,"(9.4, 1.23)",,,"(14.66, 9.06)",,,"(22.47, 13.23)",,,"(26.26, 10.04)",,,,,,
seg1_120_seg2_270_seg3_270.avi,120,270,270,"(9.04, 1.47)",,,"(15.51, -5.14)",,,"(20.15, -12.37)",,,"(24.92, -14.09)",,,,,,
seg1_120_seg2_270_seg3_240.avi,120,270,240,"(9.04, 1.47)",,,"(15.51, -5.27)",,,"(20.4, -12.49)",,,"(24.92, -14.33)",,,,,,
seg1_120_seg2_270_seg3_210.avi,120,270,210,"(9.16, 1.47)",,,"(15.51, -5.27)",,,"(18.69, -14.09)",,,"(22.11, -17.64)",,,,,,
seg1_120_seg2_270_seg3_180.avi,120,270,180,"(9.28, 1.47)",,,"(15.63, -5.27)",,,"(16.24, -14.95)",,,"(17.83, -19.84)",,,,,,
seg1_120_seg2_270_seg3_150.avi,120,270,150,"(9.16, 1.35)",,,"(15.51, -5.27)",,,"(13.92, -15.19)",,,"(12.95, -20.09)",,,,,,
seg1_120_seg2_270_seg3_120.avi,120,270,120,"(9.04, 1.47)",,,"(15.51, -5.39)",,,"(11.11, -14.58)",,,"(8.06, -18.25)",,,,,,
seg1_120_seg2_270_seg3_90.avi,120,270,90,"(9.16, 1.23)",,,"(15.51, -5.39)",,,"(9.4, -13.47)",,,"(4.89, -15.31)",,,,,,
seg1_120_seg2_270_seg3_60.avi,120,270,60,"(9.28, 1.35)",,,"(15.63, -5.14)",,,"(8.31, -12.13)",,,"(3.54, -12.0)",,,,,,
seg1_120_seg2_270_seg3_30.avi,120,270,30,"(9.04, 1.35)",,,"(15.76, -5.39)",,,"(7.69, -10.78)",,,"(3.42, -9.43)",,,,,,
seg1_120_seg2_270_seg3_0.avi,120,270,0,"(9.16, 1.35)",,,"(15.88, -5.14)",,,"(7.94, -10.9)",,,"(3.66, -9.68)",,,,,,
seg1_120_seg2_240_seg3_270.avi,120,240,270,"(8.92, 1.71)",,,"(16.85, -4.17)",,,"(24.06, -9.55)",,,"(28.95, -9.55)",,,,,,
seg1_120_seg2_240_seg3_240.avi,120,240,240,"(8.92, 1.59)",,,"(16.85, -4.04)",,,"(23.94, -9.55)",,,"(28.82, -9.92)",,,,,,
seg1_120_seg2_240_seg3_210.avi,120,240,210,"(8.92, 1.59)",,,"(16.85, -4.29)",,,"(21.5, -12.98)",,,"(24.55, -16.54)",,,,,,
seg1_120_seg2_240_seg3_180.avi,120,240,180,"(9.04, 1.47)",,,"(17.1, -4.17)",,,"(21.01, -13.11)",,,"(23.69, -17.03)",,,,,,
seg1_120_seg2_240_seg3_150.avi,120,240,150,"(9.16, 1.59)",,,"(17.1, -4.17)",,,"(18.81, -13.84)",,,None,,,,,,
seg1_120_seg2_240_seg3_120.avi,120,240,120,"(9.16, 1.47)",,,"(17.1, -4.04)",,,"(16.12, -14.09)",,,"(14.29, -18.86)",,,,,,
seg1_120_seg2_240_seg3_90.avi,120,240,90,"(9.04, 1.47)",,,"(17.22, -4.04)",,,"(14.29, -13.6)",,,"(10.26, -16.91)",,,,,,
seg1_120_seg2_240_seg3_60.avi,120,240,60,"(9.04, 1.59)",,,"(17.1, -3.92)",,,"(12.82, -12.74)",,,"(8.31, -14.46)",,,,,,
seg1_120_seg2_240_seg3_30.avi,120,240,30,"(9.04, 1.47)",,,"(17.22, -4.04)",,,"(11.85, -11.64)",,,"(6.72, -11.52)",,,,,,
seg1_120_seg2_240_seg3_0.avi,120,240,0,"(9.16, 1.59)",,,"(17.22, -4.17)",,,"(11.73, -11.88)",,,"(6.96, -12.25)",,,,,,
seg1_120_seg2_210_seg3_270.avi,120,210,270,"(9.04, 1.35)",,,"(18.32, -2.82)",,,"(27.24, -4.53)",,,"(31.63, -2.21)",,,,,,
seg1_120_seg2_210_seg3_240.avi,120,210,240,"(9.04, 1.35)",,,"(18.32, -2.69)",,,"(27.36, -5.02)",,,"(31.88, -3.55)",,,,,,
seg1_120_seg2_210_seg3_210.avi,120,210,210,"(9.4, 1.35)",,,"(18.56, -2.69)",,,"(27.11, -6.98)",,,"(31.88, -7.47)",,,,,,
seg1_120_seg2_210_seg3_180.avi,120,210,180,"(9.16, 1.1)",,,"(18.44, -2.45)",,,"(25.89, -9.31)",,,"(29.92, -12.13)",,,,,,
seg1_120_seg2_210_seg3_150.avi,120,210,150,"(9.28, 1.35)",,,"(18.69, -2.33)",,,"(24.55, -10.9)",,,"(26.87, -15.07)",,,,,,
seg1_120_seg2_210_seg3_120.avi,120,210,120,"(9.28, 1.23)",,,"(18.81, -2.45)",,,"(22.23, -12.0)",,,"(22.23, -16.78)",,,,,,
seg1_120_seg2_210_seg3_90.avi,120,210,90,"(9.28, 1.23)",,,"(18.81, -2.21)",,,"(19.91, -12.37)",,,"(18.08, -16.54)",,,,,,
seg1_120_seg2_210_seg3_60.avi,120,210,60,"(8.92, 1.35)",,,"(18.81, -2.08)",,,"(18.44, -12.0)",,,"(14.9, -15.31)",,,,,,
seg1_120_seg2_210_seg3_30.avi,120,210,30,"(9.4, 1.23)",,,"(18.81, -1.96)",,,"(16.73, -11.27)",,,"(12.21, -13.23)",,,,,,
seg1_120_seg2_210_seg3_0.avi,120,210,0,"(9.4, 1.35)",,,"(18.69, -1.84)",,,"(16.85, -11.03)",,,"(12.34, -12.86)",,,,,,
seg1_120_seg2_180_seg3_270.avi,120,180,270,"(9.28, 0.98)",,,"(19.66, 0.37)",,,"(27.48, 4.17)",,,"(29.07, 8.7)",,,,,,
seg1_120_seg2_180_seg3_240.avi,120,180,240,"(9.16, 0.98)",,,"(19.66, 0.24)",,,"(28.34, 2.45)",,,"(31.88, 6.12)",,,,,,
seg1_120_seg2_180_seg3_210.avi,120,180,210,"(9.16, 0.98)",,,"(19.54, 0.24)",,,"(29.19, 0.49)",,,"(34.08, 2.45)",,,,,,
seg1_120_seg2_180_seg3_180.avi,120,180,180,"(9.28, 0.86)",,,"(19.54, 0.12)",,,"(29.68, -2.33)",,,"(34.2, -2.69)",,,,,,
seg1_120_seg2_180_seg3_150.avi,120,180,150,"(9.28, 0.86)",,,"(19.66, 0.12)",,,"(28.82, -5.14)",,,"(32.85, -7.59)",,,,,,
seg1_120_seg2_180_seg3_120.avi,120,180,120,"(9.16, 0.98)",,,"(19.79, 0.0)",,,"(27.24, -6.98)",,,"(29.68, -11.27)",,,,,,
seg1_120_seg2_180_seg3_90.avi,120,180,90,"(9.28, 0.98)",,,"(19.79, 0.0)",,,"(25.4, -8.45)",,,"(25.77, -13.23)",,,,,,
seg1_120_seg2_180_seg3_60.avi,120,180,60,"(9.16, 0.98)",,,"(19.66, 0.24)",,,"(23.82, -9.06)",,,"(22.35, -13.47)",,,,,,
seg1_120_seg2_180_seg3_30.avi,120,180,30,"(9.16, 0.98)",,,"(19.91, 0.37)",,,"(22.23, -8.45)",,,"(18.93, -12.62)",,,,,,
seg1_120_seg2_180_seg3_0.avi,120,180,0,"(9.28, 0.98)",,,"(19.66, 0.49)",,,"(21.62, -8.82)",,,"(18.08, -12.13)",,,,,,
seg1_120_seg2_150_seg3_270.avi,120,150,270,"(9.16, 0.86)",,,"(19.79, 3.06)",,,"(26.99, 8.45)",,,"(29.07, 13.23)",,,,,,
seg1_120_seg2_150_seg3_240.avi,120,150,240,"(9.28, 0.98)",,,"(19.66, 3.19)",,,"(27.24, 8.45)",,,"(29.8, 12.86)",,,,,,
seg1_120_seg2_150_seg3_210.avi,120,150,210,"(9.16, 0.86)",,,"(20.03, 2.69)",,,"(28.95, 6.12)",,,"(32.85, 9.31)",,,,,,
seg1_120_seg2_150_seg3_180.avi,120,150,180,"(9.16, 0.86)",,,"(20.03, 2.57)",,,"(29.92, 3.55)",,,"(34.93, 4.41)",,,,,,
seg1_120_seg2_150_seg3_150.avi,120,150,150,"(9.28, 0.86)",,,"(19.91, 2.33)",,,"(30.05, 0.61)",,,"(34.81, -1.1)",,,,,,
seg1_120_seg2_150_seg3_120.avi,120,150,120,"(9.16, 0.98)",,,"(19.91, 2.33)",,,"(29.07, -1.47)",,,"(32.73, -5.39)",,,,,,
seg1_120_seg2_150_seg3_90.avi,120,150,90,"(9.28, 0.98)",,,"(20.03, 2.57)",,,"(28.21, -2.94)",,,"(29.8, -7.59)",,,,,,
seg1_120_seg2_150_seg3_60.avi,120,150,60,"(9.28, 0.98)",,,"(20.03, 2.57)",,,"(27.24, -3.8)",,,"(27.73, -8.7)",,,,,,
seg1_120_seg2_150_seg3_30.avi,120,150,30,"(9.4, 0.98)",,,"(19.91, 2.94)",,,"(25.77, -4.17)",,,"(24.79, -9.06)",,,,,,
seg1_120_seg2_150_seg3_0.avi,120,150,0,"(9.28, 0.98)",,,"(19.91, 3.19)",,,"(25.04, -4.29)",,,"(22.6, -8.7)",,,,,,
seg1_120_seg2_120_seg3_270.avi,120,120,270,"(9.16, 1.1)",,,"(19.05, 5.39)",,,"(22.84, 13.47)",,,"(22.35, 18.99)",,,,,,
seg1_120_seg2_120_seg3_240.avi,120,120,240,"(9.28, 0.98)",,,"(18.93, 5.27)",,,"(25.4, 12.37)",,,"(27.24, 17.27)",,,,,,
seg1_120_seg2_120_seg3_210.avi,120,120,210,"(9.28, 0.98)",,,"(19.18, 5.14)",,,"(27.11, 10.78)",,,"(30.66, 14.82)",,,,,,
seg1_120_seg2_120_seg3_180.avi,120,120,180,"(9.16, 0.98)",,,"(19.42, 5.27)",,,"(28.7, 8.82)",,,"(33.95, 10.29)",,,,,,
seg1_120_seg2_120_seg3_150.avi,120,120,150,"(9.28, 1.1)",,,"(19.42, 5.14)",,,"(29.44, 6.12)",,,"(34.44, 4.66)",,,,,,
seg1_120_seg2_120_seg3_120.avi,120,120,120,"(9.28, 1.1)",,,"(19.42, 5.51)",,,"(29.07, 4.17)",,,"(32.73, 1.1)",,,,,,
seg1_120_seg2_120_seg3_90.avi,120,120,90,"(9.16, 1.35)",,,"(19.42, 5.51)",,,"(28.7, 3.43)",,,"(31.88, -0.37)",,,,,,
seg1_120_seg2_120_seg3_60.avi,120,120,60,"(9.28, 1.35)",,,"(19.18, 5.51)",,,"(28.46, 3.19)",,,"(31.27, -1.1)",,,,,,
seg1_120_seg2_120_seg3_30.avi,120,120,30,"(9.16, 1.23)",,,"(19.18, 5.76)",,,"(27.85, 2.33)",,,"(28.95, -2.45)",,,,,,
seg1_120_seg2_120_seg3_0.avi,120,120,0,"(9.04, 1.23)",,,"(18.81, 6.25)",,,"(26.87, 2.08)",,,"(26.87, -2.82)",,,,,,
seg1_120_seg2_90_seg3_270.avi,120,90,270,"(9.16, 1.47)",,,"(18.32, 7.23)",,,"(21.62, 15.68)",,,"(21.13, 20.95)",,,,,,
seg1_120_seg2_90_seg3_240.avi,120,90,240,"(9.16, 1.35)",,,"(18.32, 7.35)",,,"(23.57, 15.19)",,,"(25.53, 20.34)",,,,,,
seg1_120_seg2_90_seg3_210.avi,120,90,210,"(9.04, 1.47)",,,"(18.2, 7.35)",,,"(25.4, 14.21)",,,"(29.07, 18.25)",,,,,,
seg1_120_seg2_90_seg3_180.avi,120,90,180,"(9.04, 1.59)",,,"(18.32, 7.59)",,,"(26.99, 12.37)",,,"(32.73, 13.72)",,,,,,
seg1_120_seg2_90_seg3_150.avi,120,90,150,"(9.04, 1.71)",,,"(18.44, 7.59)",,,"(27.97, 9.92)",,,"(32.98, 8.45)",,,,,,
seg1_120_seg2_90_seg3_120.avi,120,90,120,"(8.92, 1.59)",,,"(18.08, 7.84)",,,"(27.73, 8.08)",,,"(31.63, 4.9)",,,,,,
seg1_120_seg2_90_seg3_90.avi,120,90,90,"(9.04, 1.59)",,,"(18.08, 7.84)",,,"(27.73, 7.84)",,,"(31.51, 4.66)",,,,,,
seg1_120_seg2_90_seg3_60.avi,120,90,60,"(9.04, 1.59)",,,"(17.71, 7.72)",,,"(27.73, 7.84)",,,"(31.39, 4.41)",,,,,,
seg1_120_seg2_90_seg3_30.avi,120,90,30,"(9.04, 1.59)",,,"(17.71, 8.08)",,,"(26.99, 6.86)",,,"(29.56, 2.45)",,,,,,
seg1_120_seg2_90_seg3_0.avi,120,90,0,"(8.92, 1.59)",,,"(17.34, 8.45)",,,"(26.02, 6.25)",,,"(26.87, 1.47)",,,,,,
seg1_120_seg2_60_seg3_270.avi,120,60,270,"(8.92, 1.71)",,,"(16.98, 8.82)",,,"(18.44, 17.76)",,,"(16.73, 23.03)",,,,,,
seg1_120_seg2_60_seg3_240.avi,120,60,240,"(9.04, 1.84)",,,"(17.1, 9.06)",,,"(20.4, 18.13)",,,"(21.01, 23.15)",,,,,,
seg1_120_seg2_60_seg3_210.avi,120,60,210,"(9.04, 1.84)",,,"(16.85, 9.19)",,,"(22.35, 17.52)",,,"(25.16, 22.42)",,,,,,
seg1_120_seg2_60_seg3_180.avi,120,60,180,"(9.04, 1.84)",,,"(16.85, 9.19)",,,"(24.43, 15.92)",,,"(29.19, 18.38)",,,,,,
seg1_120_seg2_60_seg3_150.avi,120,60,150,"(8.92, 1.84)",,,"(16.85, 9.19)",,,"(26.02, 13.72)",,,"(31.02, 13.6)",,,,,,
seg1_120_seg2_60_seg3_120.avi,120,60,120,"(9.04, 1.84)",,,"(16.85, 9.31)",,,"(26.26, 11.64)",,,"(30.66, 9.55)",,,,,,
seg1_120_seg2_60_seg3_90.avi,120,60,90,"(9.04, 1.96)",,,"(16.73, 9.31)",,,"(26.26, 11.39)",,,"(30.53, 8.82)",,,,,,
seg1_120_seg2_60_seg3_60.avi,120,60,60,"(9.04, 1.96)",,,"(16.73, 9.43)",,,"(26.26, 11.27)",,,"(30.41, 8.57)",,,,,,
seg1_120_seg2_60_seg3_30.avi,120,60,30,"(9.04, 1.96)",,,"(16.37, 9.43)",,,"(25.77, 10.04)",,,"(28.95, 6.12)",,,,,,
seg1_120_seg2_60_seg3_0.avi,120,60,0,"(9.04, 1.84)",,,"(16.24, 9.55)",,,"(25.28, 8.94)",,,"(26.99, 4.41)",,,,,,
seg1_120_seg2_30_seg3_270.avi,120,30,270,"(8.67, 1.96)",,,"(14.66, 10.66)",,,"(12.34, 19.36)",,,"(8.31, 23.4)",,,,,,
seg1_120_seg2_30_seg3_240.avi,120,30,240,"(8.67, 1.96)",,,"(14.78, 10.78)",,,"(13.92, 20.34)",,,"(11.97, 25.6)",,,,,,
seg1_120_seg2_30_seg3_210.avi,120,30,210,"(8.67, 1.96)",,,"(14.53, 10.78)",,,"(15.76, 20.82)",,,"(16.49, 26.58)",,,,,,
seg1_120_seg2_30_seg3_180.avi,120,30,180,"(8.67, 1.96)",,,"(14.66, 10.78)",,,"(18.69, 20.21)",,,"(21.98, 24.87)",,,,,,
seg1_120_seg2_30_seg3_150.avi,120,30,150,"(8.79, 1.96)",,,"(14.53, 10.9)",,,"(20.76, 18.74)",,,"(25.77, 21.19)",,,,,,
seg1_120_seg2_30_seg3_120.avi,120,30,120,"(8.67, 1.96)",,,"(14.53, 11.03)",,,"(22.35, 16.91)",,,"(27.48, 16.91)",,,,,,
seg1_120_seg2_30_seg3_90.avi,120,30,90,"(8.79, 2.08)",,,"(14.53, 10.9)",,,"(22.47, 16.41)",,,"(27.48, 15.44)",,,,,,
seg1_120_seg2_30_seg3_60.avi,120,30,60,"(8.79, 1.96)",,,"(14.53, 11.03)",,,"(22.72, 16.05)",,,"(27.36, 14.7)",,,,,,
seg1_120_seg2_30_seg3_30.avi,120,30,30,"(8.79, 2.08)",,,"(14.41, 11.15)",,,"(22.84, 14.58)",,,"(26.87, 11.88)",,,,,,
seg1_120_seg2_30_seg3_0.avi,120,30,0,"(8.67, 1.84)",,,"(14.05, 11.03)",,,"(22.47, 13.23)",,,"(25.77, 9.31)",,,,,,
seg1_120_seg2_0_seg3_270.avi,120,0,270,"(8.67, 1.96)",,,"(12.58, 11.52)",,,"(6.47, 18.5)",,,None,,,,,,
seg1_120_seg2_0_seg3_240.avi,120,0,240,"(8.67, 1.96)",,,"(12.46, 11.27)",,,"(8.06, 19.84)",,,"(3.91, 23.77)",,,,,,
seg1_120_seg2_0_seg3_210.avi,120,0,210,"(8.67, 1.96)",,,"(12.46, 11.27)",,,"(9.53, 21.07)",,,"(7.33, 26.34)",,,,,,
seg1_120_seg2_0_seg3_180.avi,120,0,180,"(8.55, 2.33)",,,"(12.58, 11.39)",,,"(12.21, 22.05)",,,"(13.19, 27.32)",,,,,,
seg1_120_seg2_0_seg3_150.avi,120,0,150,"(8.55, 2.33)",,,"(12.58, 11.27)",,,"(14.9, 21.32)",,,"(18.44, 25.72)",,,,,,
seg1_120_seg2_0_seg3_120.avi,120,0,120,"(8.55, 2.33)",,,"(12.58, 11.52)",,,"(17.1, 20.09)",,,"(21.98, 22.17)",,,,,,
seg1_120_seg2_0_seg3_90.avi,120,0,90,"(8.55, 2.08)",,,"(12.46, 11.64)",,,"(18.2, 19.36)",,,"(23.33, 19.72)",,,,,,
seg1_120_seg2_0_seg3_60.avi,120,0,60,"(8.55, 2.21)",,,"(12.46, 11.64)",,,"(18.32, 18.86)",,,"(23.45, 18.74)",,,,,,
seg1_120_seg2_0_seg3_30.avi,120,0,30,"(8.67, 2.08)",,,"(12.34, 11.39)",,,"(19.05, 17.76)",,,"(23.82, 15.92)",,,,,,
seg1_120_seg2_0_seg3_0.avi,120,0,0,"(8.79, 1.96)",,,"(11.97, 11.64)",,,"(19.42, 16.29)",,,"(23.45, 13.47)",,,,,,
seg1_90_seg2_270_seg3_270.avi,90,270,270,"(8.55, 2.33)",,,"(16.37, -2.33)",,,"(22.72, -8.08)",,,"(27.73, -8.45)",,,,,,
seg1_90_seg2_270_seg3_240.avi,90,270,240,"(8.67, 2.21)",,,"(16.24, -2.33)",,,"(22.35, -8.94)",,,"(26.87, -10.29)",,,,,,
seg1_90_seg2_270_seg3_210.avi,90,270,210,"(8.55, 2.21)",,,"(16.37, -2.21)",,,"(20.64, -10.54)",,,"(24.43, -13.72)",,,,,,
seg1_90_seg2_270_seg3_180.avi,90,270,180,"(8.67, 2.33)",,,"(16.49, -2.21)",,,"(18.81, -11.88)",,,"(20.4, -16.29)",,,,,,
seg1_90_seg2_270_seg3_150.avi,90,270,150,"(8.55, 2.21)",,,"(16.37, -2.33)",,,"(16.37, -11.76)",,,"(16.0, -17.27)",,,,,,
seg1_90_seg2_270_seg3_120.avi,90,270,120,"(8.55, 2.33)",,,"(16.37, -2.33)",,,"(14.17, -11.76)",,,"(11.24, -16.29)",,,,,,
seg1_90_seg2_270_seg3_90.avi,90,270,90,"(8.67, 2.45)",,,"(16.61, -1.96)",,,"(12.34, -11.39)",,,"(8.31, -13.96)",,,,,,
seg1_90_seg2_270_seg3_60.avi,90,270,60,"(8.67, 2.45)",,,"(16.49, -2.08)",,,"(11.36, -10.66)",,,"(6.72, -12.25)",,,,,,
seg1_90_seg2_270_seg3_30.avi,90,270,30,"(8.67, 2.33)",,,"(16.85, -1.71)",,,"(10.63, -9.19)",,,"(5.86, -8.82)",,,,,,
seg1_90_seg2_270_seg3_0.avi,90,270,0,"(8.79, 2.21)",,,"(17.1, -1.59)",,,"(10.5, -8.21)",,,"(5.98, -7.1)",,,,,,
seg1_90_seg2_240_seg3_270.avi,90,240,270,"(8.67, 2.57)",,,"(17.59, -0.98)",,,"(25.53, -3.19)",,,"(30.17, -0.98)",,,,,,
seg1_90_seg2_240_seg3_240.avi,90,240,240,"(8.55, 2.21)",,,"(17.71, -1.23)",,,"(24.67, -6.98)",,,"(29.19, -8.45)",,,,,,
seg1_90_seg2_240_seg3_210.avi,90,240,210,"(8.67, 2.08)",,,"(17.59, -1.1)",,,"(24.67, -7.23)",,,"(29.07, -9.06)",,,,,,
seg1_90_seg2_240_seg3_180.avi,90,240,180,"(8.43, 2.08)",,,"(17.47, -0.73)",,,"(22.96, -9.06)",,,"(26.14, -12.74)",,,,,,
seg1_90_seg2_240_seg3_150.avi,90,240,150,"(8.43, 2.08)",,,"(17.59, -0.98)",,,"(20.64, -10.17)",,,"(21.86, -15.07)",,,,,,
seg1_90_seg2_240_seg3_120.avi,90,240,120,"(8.55, 2.08)",,,"(17.59, -0.73)",,,"(18.44, -10.66)",,,"(16.98, -15.68)",,,,,,
seg1_90_seg2_240_seg3_90.avi,90,240,90,"(8.43, 2.21)",,,"(17.59, -0.61)",,,"(15.76, -10.78)",,,"(12.82, -14.21)",,,,,,
seg1_90_seg2_240_seg3_60.avi,90,240,60,"(8.43, 2.21)",,,"(17.47, -0.73)",,,"(14.53, -10.29)",,,"(10.38, -12.74)",,,,,,
seg1_90_seg2_240_seg3_30.avi,90,240,30,"(8.43, 2.21)",,,"(17.59, -0.73)",,,"(13.19, -9.19)",,,"(8.43, -9.8)",,,,,,
seg1_90_seg2_240_seg3_0.avi,90,240,0,"(8.43, 2.33)",,,"(17.59, -0.73)",,,"(12.09, -8.33)",,,"(7.57, -7.96)",,,,,,
seg1_90_seg2_210_seg3_270.avi,90,210,270,"(8.55, 2.08)",,,"(18.44, 1.35)",,,"(27.48, 0.49)",,,"(31.88, 2.57)",,,,,,
seg1_90_seg2_210_seg3_240.avi,90,210,240,"(8.55, 2.21)",,,"(18.44, 1.35)",,,"(27.36, 0.12)",,,"(32.0, 2.08)",,,,,,
seg1_90_seg2_210_seg3_210.avi,90,210,210,"(8.43, 2.21)",,,"(18.32, 1.35)",,,"(27.48, -1.96)",,,"(32.37, -1.96)",,,,,,
seg1_90_seg2_210_seg3_180.avi,90,210,180,"(8.43, 2.21)",,,"(18.56, 1.71)",,,"(26.87, -3.55)",,,"(31.27, -6.0)",,,,,,
seg1_90_seg2_210_seg3_150.avi,90,210,150,"(8.43, 2.21)",,,"(18.44, 1.96)",,,"(25.53, -5.63)",,,"(28.46, -9.31)",,,,,,
seg1_90_seg2_210_seg3_120.avi,90,210,120,"(8.55, 2.33)",,,"(18.56, 1.96)",,,"(23.69, -6.98)",,,"(24.67, -11.64)",,,,,,
seg1_90_seg2_210_seg3_90.avi,90,210,90,"(8.67, 2.21)",,,"(18.56, 1.84)",,,"(21.62, -7.72)",,,"(20.03, -12.37)",,,,,,
seg1_90_seg2_210_seg3_60.avi,90,210,60,"(8.67, 2.21)",,,"(18.56, 2.08)",,,"(20.4, -7.96)",,,"(17.83, -12.0)",,,,,,
seg1_90_seg2_210_seg3_30.avi,90,210,30,"(8.67, 2.21)",,,"(18.69, 1.96)",,,"(18.44, -7.47)",,,"(14.41, -10.17)",,,,,,
seg1_90_seg2_210_seg3_0.avi,90,210,0,"(8.55, 2.21)",,,"(18.56, 2.08)",,,"(17.34, -7.23)",,,"(13.07, -8.94)",,,,,,
seg1_90_seg2_180_seg3_270.avi,90,180,270,"(8.67, 2.33)",,,"(18.81, 4.78)",,,"(25.77, 9.55)",,,"(27.48, 14.33)",,,,,,
seg1_90_seg2_180_seg3_240.avi,90,180,240,"(8.67, 2.33)",,,"(18.81, 4.9)",,,"(27.48, 8.08)",,,"(30.78, 11.76)",,,,,,
seg1_90_seg2_180_seg3_210.avi,90,180,210,"(8.79, 2.45)",,,"(18.93, 4.66)",,,"(28.46, 5.88)",,,"(32.85, 7.84)",,,,,,
seg1_90_seg2_180_seg3_180.avi,90,180,180,"(8.55, 2.33)",,,"(18.81, 4.78)",,,"(28.7, 3.92)",,,"(33.83, 3.8)",,,,,,
seg1_90_seg2_180_seg3_150.avi,90,180,150,"(8.92, 2.33)",,,"(18.81, 4.53)",,,"(28.82, 0.98)",,,"(32.98, -1.23)",,,,,,
seg1_90_seg2_180_seg3_120.avi,90,180,120,"(8.67, 2.33)",,,"(18.93, 4.41)",,,"(27.48, -1.35)",,,"(30.41, -5.14)",,,,,,
seg1_90_seg2_180_seg3_90.avi,90,180,90,"(8.79, 2.33)",,,"(18.93, 4.41)",,,"(25.4, -2.69)",,,"(26.38, -7.72)",,,,,,
seg1_90_seg2_180_seg3_60.avi,90,180,60,"(8.67, 2.33)",,,"(18.81, 4.53)",,,"(24.67, -3.55)",,,"(24.18, -8.21)",,,,,,
seg1_90_seg2_180_seg3_30.avi,90,180,30,"(8.79, 2.33)",,,"(18.69, 4.78)",,,"(22.96, -3.92)",,,"(20.64, -8.21)",,,,,,
seg1_90_seg2_180_seg3_0.avi,90,180,0,"(8.79, 2.33)",,,"(18.81, 5.02)",,,"(21.86, -3.67)",,,"(18.69, -7.47)",,,,,,
seg1_90_seg2_150_seg3_270.avi,90,150,270,"(8.55, 2.33)",,,"(18.44, 7.23)",,,"(23.69, 14.46)",,,"(23.94, 19.6)",,,,,,
seg1_90_seg2_150_seg3_240.avi,90,150,240,"(8.55, 2.33)",,,"(18.2, 7.47)",,,"(25.28, 13.6)",,,"(27.48, 18.13)",,,,,,
seg1_90_seg2_150_seg3_210.avi,90,150,210,"(8.67, 2.33)",,,"(18.44, 7.1)",,,"(27.24, 11.52)",,,"(30.9, 14.58)",,,,,,
seg1_90_seg2_150_seg3_180.avi,90,150,180,"(8.67, 2.33)",,,"(18.56, 6.98)",,,"(27.97, 9.06)",,,"(33.34, 10.04)",,,,,,
seg1_90_seg2_150_seg3_150.avi,90,150,150,"(8.67, 2.33)",,,"(18.69, 6.86)",,,"(28.82, 6.25)",,,"(33.59, 4.53)",,,,,,
seg1_90_seg2_150_seg3_120.avi,90,150,120,"(8.67, 2.21)",,,"(18.56, 6.74)",,,"(28.09, 4.04)",,,"(31.76, 0.49)",,,,,,
seg1_90_seg2_150_seg3_90.avi,90,150,90,"(8.67, 2.33)",,,"(18.56, 6.98)",,,"(27.36, 2.69)",,,"(29.8, -1.59)",,,,,,
seg1_90_seg2_150_seg3_60.avi,90,150,60,"(8.55, 2.21)",,,"(18.44, 6.98)",,,"(26.99, 2.21)",,,"(28.7, -2.33)",,,,,,
seg1_90_seg2_150_seg3_30.avi,90,150,30,"(8.79, 2.33)",,,"(18.2, 7.23)",,,"(25.77, 1.47)",,,"(25.89, -3.31)",,,,,,
seg1_90_seg2_150_seg3_0.avi,90,150,0,"(8.67, 2.33)",,,"(18.32, 7.72)",,,"(24.55, 1.47)",,,"(23.08, -3.55)",,,,,,
seg1_90_seg2_120_seg3_270.avi,90,120,270,"(8.79, 2.33)",,,"(17.34, 9.06)",,,"(20.64, 17.27)",,,"(20.15, 22.66)",,,,,,
seg1_90_seg2_120_seg3_240.avi,90,120,240,"(8.92, 2.33)",,,"(17.22, 8.82)",,,"(22.84, 16.78)",,,"(24.55, 21.68)",,,,,,
seg1_90_seg2_120_seg3_210.avi,90,120,210,"(8.79, 2.21)",,,"(17.47, 8.7)",,,"(24.92, 15.56)",,,"(28.58, 19.6)",,,,,,
seg1_90_seg2_120_seg3_180.avi,90,120,180,"(8.79, 2.33)",,,"(17.47, 8.57)",,,"(26.75, 13.23)",,,"(31.76, 14.7)",,,,,,
seg1_90_seg2_120_seg3_150.avi,90,120,150,"(8.79, 2.33)",,,"(17.71, 8.57)",,,"(27.48, 10.29)",,,"(32.49, 9.19)",,,,,,
seg1_90_seg2_120_seg3_120.avi,90,120,120,"(8.79, 2.21)",,,"(17.83, 8.82)",,,"(27.24, 8.45)",,,"(31.27, 5.39)",,,,,,
seg1_90_seg2_120_seg3_90.avi,90,120,90,"(8.79, 2.21)",,,"(17.83, 8.82)",,,"(26.99, 7.96)",,,"(30.66, 4.41)",,,,,,
seg1_90_seg2_120_seg3_60.avi,90,120,60,"(8.67, 2.21)",,,"(17.59, 8.82)",,,"(26.99, 7.72)",,,"(30.41, 3.92)",,,,,,
seg1_90_seg2_120_seg3_30.avi,90,120,30,"(8.79, 2.21)",,,"(16.98, 8.94)",,,"(26.5, 6.62)",,,"(28.09, 1.96)",,,,,,
seg1_90_seg2_120_seg3_0.avi,90,120,0,"(8.67, 2.45)",,,"(16.98, 9.19)",,,"(25.53, 5.76)",,,"(25.77, 0.98)",,,,,,
seg1_90_seg2_90_seg3_270.avi,90,90,270,"(8.79, 2.33)",,,"(16.73, 9.43)",,,"(19.42, 18.25)",,,"(18.44, 23.52)",,,,,,
seg1_90_seg2_90_seg3_240.avi,90,90,240,"(8.79, 2.45)",,,"(16.73, 9.68)",,,"(21.25, 18.13)",,,"(22.35, 23.52)",,,,,,
seg1_90_seg2_90_seg3_210.avi,90,90,210,"(8.79, 2.45)",,,"(16.61, 9.8)",,,"(22.96, 17.52)",,,"(26.38, 22.17)",,,,,,
seg1_90_seg2_90_seg3_180.avi,90,90,180,"(8.92, 2.45)",,,"(16.61, 9.8)",,,"(24.67, 15.92)",,,"(29.8, 18.01)",,,,,,
seg1_90_seg2_90_seg3_150.avi,90,90,150,"(8.92, 2.57)",,,"(16.61, 9.92)",,,"(25.77, 13.96)",,,"(31.15, 13.47)",,,,,,
seg1_90_seg2_90_seg3_120.avi,90,90,120,"(8.79, 2.57)",,,"(16.49, 10.29)",,,"(26.02, 12.13)",,,"(30.29, 9.92)",,,,,,
seg1_90_seg2_90_seg3_90.avi,90,90,90,"(8.79, 2.57)",,,"(16.12, 10.29)",,,"(26.14, 11.88)",,,"(30.05, 9.31)",,,,,,
seg1_90_seg2_90_seg3_60.avi,90,90,60,"(8.92, 2.57)",,,"(16.24, 10.29)",,,"(25.89, 11.88)",,,"(30.05, 8.82)",,,,,,
seg1_90_seg2_90_seg3_30.avi,90,90,30,"(8.92, 2.57)",,,"(16.24, 10.41)",,,"(25.4, 10.78)",,,"(28.34, 6.62)",,,,,,
seg1_90_seg2_90_seg3_0.avi,90,90,0,"(8.79, 2.57)",,,"(15.63, 10.66)",,,"(24.43, 9.92)",,,"(26.02, 4.9)",,,,,,
seg1_90_seg2_60_seg3_270.avi,90,60,270,"(8.67, 2.57)",,,"(15.39, 10.78)",,,"(16.49, 19.97)",,,"(14.29, 24.87)",,,,,,
seg1_90_seg2_60_seg3_240.avi,90,60,240,"(8.67, 2.69)",,,"(15.51, 11.03)",,,"(18.2, 20.34)",,,"(18.2, 25.72)",,,,,,
seg1_90_seg2_60_seg3_210.avi,90,60,210,"(8.67, 2.69)",,,"(15.39, 11.27)",,,"(20.03, 20.09)",,,"(22.47, 25.11)",,,,,,
seg1_90_seg2_60_seg3_180.avi,90,60,180,"(8.43, 2.94)",,,"(15.27, 11.39)",,,"(22.23, 18.5)",,,"(26.99, 21.56)",,,,,,
seg1_90_seg2_60_seg3_150.avi,90,60,150,"(8.43, 2.82)",,,"(15.15, 11.27)",,,"(23.82, 16.78)",,,"(29.07, 17.27)",,,,,,
seg1_90_seg2_60_seg3_120.avi,90,60,120,"(8.43, 2.82)",,,"(14.9, 11.52)",,,"(24.06, 15.07)",,,"(28.95, 13.23)",,,,,,
seg1_90_seg2_60_seg3_90.avi,90,60,90,"(8.43, 2.82)",,,"(14.78, 11.64)",,,"(24.06, 14.58)",,,"(28.58, 12.49)",,,,,,
seg1_90_seg2_60_seg3_60.avi,90,60,60,"(8.55, 2.82)",,,"(14.9, 11.52)",,,"(23.94, 14.58)",,,"(28.58, 12.13)",,,,,,
seg1_90_seg2_60_seg3_30.avi,90,60,30,"(8.55, 2.82)",,,"(14.41, 11.64)",,,"(23.57, 13.72)",,,"(27.24, 10.04)",,,,,,
seg1_90_seg2_60_seg3_0.avi,90,60,0,"(8.55, 2.94)",,,"(14.05, 12.13)",,,"(22.72, 12.86)",,,"(25.28, 8.21)",,,,,,
seg1_90_seg2_30_seg3_270.avi,90,30,270,"(8.18, 3.06)",,,"(12.7, 12.86)",,,"(9.53, 21.56)",,,"(5.5, 24.99)",,,,,,
seg1_90_seg2_30_seg3_240.avi,90,30,240,"(8.18, 2.94)",,,"(12.58, 12.74)",,,"(11.24, 22.54)",,,"(8.67, 27.44)",,,,,,
seg1_90_seg2_30_seg3_210.avi,90,30,210,"(8.18, 2.94)",,,"(12.46, 12.86)",,,"(13.07, 23.15)",,,"(12.7, 28.79)",,,,,,
seg1_90_seg2_30_seg3_180.avi,90,30,180,"(8.06, 2.94)",,,"(12.46, 12.98)",,,"(15.88, 22.79)",,,"(18.69, 27.56)",,,,,,
seg1_90_seg2_30_seg3_150.avi,90,30,150,"(8.18, 2.94)",,,"(12.34, 13.11)",,,"(17.71, 21.56)",,,"(22.6, 24.38)",,,,,,
seg1_90_seg2_30_seg3_120.avi,90,30,120,"(8.18, 2.82)",,,"(12.21, 13.11)",,,"(19.54, 19.72)",,,"(24.55, 19.97)",,,,,,
seg1_90_seg2_30_seg3_90.avi,90,30,90,"(8.06, 2.94)",,,"(12.34, 13.35)",,,"(19.91, 19.11)",,,"(25.16, 18.13)",,,,,,
seg1_90_seg2_30_seg3_60.avi,90,30,60,"(8.06, 2.94)",,,"(12.21, 12.98)",,,"(19.91, 18.74)",,,"(24.92, 17.88)",,,,,,
seg1_90_seg2_30_seg3_30.avi,90,30,30,"(8.06, 3.06)",,,"(12.09, 13.35)",,,"(20.15, 17.52)",,,"(24.31, 14.95)",,,,,,
seg1_90_seg2_30_seg3_0.avi,90,30,0,"(8.06, 2.94)",,,"(11.73, 13.11)",,,"(20.15, 16.05)",,,"(23.69, 12.25)",,,,,,
seg1_90_seg2_0_seg3_270.avi,90,0,270,"(8.06, 3.06)",,,"(9.89, 13.6)",,,"(3.3, 20.21)",,,None,,,,,,
seg1_90_seg2_0_seg3_240.avi,90,0,240,"(8.06, 3.06)",,,"(9.89, 13.47)",,,"(4.64, 21.68)",,,None,,,,,,
seg1_90_seg2_0_seg3_210.avi,90,0,210,"(8.06, 3.19)",,,"(9.77, 13.47)",,,"(6.11, 22.91)",,,"(3.42, 28.05)",,,,,,
seg1_90_seg2_0_seg3_180.avi,90,0,180,"(8.06, 3.06)",,,"(9.89, 13.47)",,,"(8.55, 23.89)",,,"(9.16, 29.64)",,,,,,
seg1_90_seg2_0_seg3_150.avi,90,0,150,"(8.06, 3.06)",,,"(9.89, 13.47)",,,"(11.36, 23.77)",,,"(14.53, 28.42)",,,,,,
seg1_90_seg2_0_seg3_120.avi,90,0,120,"(8.06, 3.06)",,,"(9.77, 13.6)",,,"(13.92, 22.66)",,,"(18.56, 24.87)",,,,,,
seg1_90_seg2_0_seg3_90.avi,90,0,90,"(8.06, 3.06)",,,"(9.77, 13.35)",,,"(14.78, 21.8)",,,"(20.03, 22.66)",,,,,,
seg1_90_seg2_0_seg3_60.avi,90,0,60,"(8.06, 2.94)",,,"(9.77, 13.47)",,,"(15.02, 21.32)",,,"(20.15, 21.56)",,,,,,
seg1_90_seg2_0_seg3_30.avi,90,0,30,"(8.06, 3.19)",,,"(9.65, 13.6)",,,"(16.0, 20.09)",,,"(20.76, 18.74)",,,,,,
seg1_90_seg2_0_seg3_0.avi,90,0,0,"(7.94, 3.19)",,,"(9.4, 13.6)",,,"(16.49, 18.62)",,,"(20.76, 15.8)",,,,,,
seg1_60_seg2_270_seg3_270.avi,60,270,270,"(7.57, 3.8)",,,"(16.73, 2.82)",,,"(24.79, -1.47)",,,"(29.56, -1.71)",,,,,,
seg1_60_seg2_270_seg3_240.avi,60,270,240,"(7.45, 3.92)",,,"(16.49, 2.94)",,,"(24.67, -1.35)",,,"(29.68, -1.96)",,,,,,
seg1_60_seg2_270_seg3_210.avi,60,270,210,"(7.69, 3.8)",,,"(16.73, 2.94)",,,"(23.69, -3.55)",,,"(27.97, -5.76)",,,,,,
seg1_60_seg2_270_seg3_180.avi,60,270,180,"(7.69, 3.8)",,,"(16.73, 2.94)",,,"(22.11, -5.14)",,,"(25.04, -9.31)",,,,,,
seg1_60_seg2_270_seg3_150.avi,60,270,150,"(7.69, 3.8)",,,"(16.73, 3.06)",,,"(20.15, -6.25)",,,"(20.64, -11.27)",,,,,,
seg1_60_seg2_270_seg3_120.avi,60,270,120,"(7.57, 3.8)",,,"(16.73, 3.31)",,,"(18.08, -6.12)",,,"(16.61, -11.03)",,,,,,
seg1_60_seg2_270_seg3_90.avi,60,270,90,"(7.69, 3.8)",,,"(16.61, 3.67)",,,"(16.61, -6.62)",,,"(13.56, -10.17)",,,,,,
seg1_60_seg2_270_seg3_60.avi,60,270,60,"(7.69, 3.92)",,,"(16.61, 3.67)",,,"(15.88, -5.88)",,,"(12.21, -9.31)",,,,,,
seg1_60_seg2_270_seg3_30.avi,60,270,30,"(7.69, 3.8)",,,"(16.85, 3.92)",,,"(14.53, -5.39)",,,"(10.26, -6.98)",,,,,,
seg1_60_seg2_270_seg3_0.avi,60,270,0,"(7.69, 3.67)",,,"(9.04, -5.51)",,,"(13.8, -4.78)",,,"(16.98, 4.17)",,,,,,
seg1_60_seg2_240_seg3_270.avi,60,240,270,"(7.45, 3.92)",,,"(16.73, 4.53)",,,"(25.77, 2.45)",,,"(30.53, 3.55)",,,,,,
seg1_60_seg2_240_seg3_240.avi,60,240,240,"(7.57, 3.8)",,,"(16.73, 4.41)",,,"(25.89, 1.71)",,,"(30.53, 2.69)",,,,,,
seg1_60_seg2_240_seg3_210.avi,60,240,210,"(7.45, 3.92)",,,"(16.73, 4.53)",,,"(25.4, -0.73)",,,"(29.92, -2.33)",,,,,,
seg1_60_seg2_240_seg3_180.avi,60,240,180,"(7.57, 3.92)",,,"(16.85, 4.41)",,,"(24.06, -2.69)",,,"(27.24, -5.88)",,,,,,
seg1_60_seg2_240_seg3_150.avi,60,240,150,"(7.69, 3.67)",,,"(16.98, 4.53)",,,"(21.98, -4.04)",,,"(23.69, -8.82)",,,,,,
seg1_60_seg2_240_seg3_120.avi,60,240,120,"(7.69, 3.67)",,,"(16.98, 4.29)",,,"(20.15, -4.78)",,,"(19.54, -9.92)",,,,,,
seg1_60_seg2_240_seg3_90.avi,60,240,90,"(7.69, 3.67)",,,"(16.98, 4.53)",,,"(18.32, -5.51)",,,"(16.0, -9.68)",,,,,,
seg1_60_seg2_240_seg3_60.avi,60,240,60,"(7.69, 3.67)",,,"(16.98, 4.53)",,,"(17.59, -5.27)",,,"(14.53, -9.06)",,,,,,
seg1_60_seg2_240_seg3_30.avi,60,240,30,"(7.69, 3.67)",,,"(16.85, 5.02)",,,"(16.37, -4.66)",,,"(12.21, -6.98)",,,,,,
seg1_60_seg2_240_seg3_0.avi,60,240,0,"(7.94, 3.8)",,,"(17.1, 5.51)",,,"(16.12, -3.55)",,,"(11.6, -5.27)",,,,,,
seg1_60_seg2_210_seg3_270.avi,60,210,270,"(7.57, 3.92)",,,"(16.98, 6.12)",,,"(25.65, 8.33)",,,"(29.19, 12.0)",,,,,,
seg1_60_seg2_210_seg3_240.avi,60,210,240,"(7.69, 3.8)",,,"(17.1, 6.12)",,,"(26.5, 6.12)",,,"(31.15, 7.96)",,,,,,
seg1_60_seg2_210_seg3_210.avi,60,210,210,"(7.82, 3.8)",,,"(17.34, 5.88)",,,"(26.26, 2.08)",,,"(30.78, 0.49)",,,,,,
seg1_60_seg2_210_seg3_180.avi,60,210,180,"(7.69, 3.92)",,,"(17.22, 6.12)",,,"(25.89, 1.71)",,,"(30.17, -0.73)",,,,,,
seg1_60_seg2_210_seg3_150.avi,60,210,150,"(7.82, 3.67)",,,"(17.1, 6.12)",,,"(24.06, -0.37)",,,"(27.36, -4.66)",,,,,,
seg1_60_seg2_210_seg3_120.avi,60,210,120,"(7.82, 3.67)",,,"(17.1, 6.12)",,,"(23.08, -2.08)",,,"(23.94, -6.62)",,,,,,
seg1_60_seg2_210_seg3_90.avi,60,210,90,"(7.82, 3.8)",,,"(17.1, 6.25)",,,"(20.76, -2.82)",,,"(19.42, -7.47)",,,,,,
seg1_60_seg2_210_seg3_60.avi,60,210,60,"(7.82, 3.67)",,,"(17.1, 6.25)",,,"(20.52, -2.94)",,,"(18.44, -7.35)",,,,,,
seg1_60_seg2_210_seg3_30.avi,60,210,30,"(7.69, 3.67)",,,"(16.98, 6.37)",,,"(18.69, -2.94)",,,"(15.27, -6.49)",,,,,,
seg1_60_seg2_210_seg3_0.avi,60,210,0,"(7.69, 3.67)",,,"(17.1, 6.37)",,,"(17.34, -2.82)",,,"(13.19, -5.14)",,,,,,
seg1_60_seg2_180_seg3_270.avi,60,180,270,"(7.69, 3.8)",,,"(16.85, 8.57)",,,"(25.4, 12.49)",,,"(28.58, 16.17)",,,,,,
seg1_60_seg2_180_seg3_240.avi,60,180,240,"(7.69, 3.92)",,,"(16.98, 8.57)",,,"(25.65, 12.37)",,,"(29.07, 15.68)",,,,,,
seg1_60_seg2_180_seg3_210.avi,60,180,210,"(7.94, 3.92)",,,"(16.85, 8.45)",,,"(26.87, 10.04)",,,"(31.27, 11.64)",,,,,,
seg1_60_seg2_180_seg3_180.avi,60,180,180,"(7.69, 3.8)",,,"(16.98, 8.57)",,,"(26.87, 7.96)",,,"(31.76, 7.1)",,,,,,
seg1_60_seg2_180_seg3_150.avi,60,180,150,"(7.94, 3.8)",,,"(16.98, 8.7)",,,"(26.75, 5.88)",,,"(30.78, 3.43)",,,,,,
seg1_60_seg2_180_seg3_120.avi,60,180,120,"(7.94, 3.92)",,,"(16.98, 8.7)",,,"(25.89, 4.29)",,,"(28.95, 0.37)",,,,,,
seg1_60_seg2_180_seg3_90.avi,60,180,90,"(7.82, 3.8)",,,"(16.85, 8.82)",,,"(24.31, 2.57)",,,"(25.65, -2.21)",,,,,,
seg1_60_seg2_180_seg3_60.avi,60,180,60,"(8.06, 4.29)",,,"(16.73, 8.82)",,,"(23.69, 1.96)",,,"(24.06, -3.06)",,,,,,
seg1_60_seg2_180_seg3_30.avi,60,180,30,"(7.94, 4.29)",,,"(16.85, 8.94)",,,"(22.35, 1.23)",,,"(20.76, -3.43)",,,,,,
seg1_60_seg2_180_seg3_0.avi,60,180,0,"(7.82, 4.29)",,,"(16.73, 9.06)",,,"(21.13, 1.23)",,,"(18.32, -3.06)",,,,,,
seg1_60_seg2_150_seg3_270.avi,60,150,270,"(7.94, 3.67)",,,"(15.88, 10.54)",,,"(21.13, 18.13)",,,"(21.5, 23.27)",,,,,,
seg1_60_seg2_150_seg3_240.avi,60,150,240,"(7.82, 3.8)",,,"(16.12, 10.66)",,,"(22.84, 17.52)",,,"(24.92, 22.17)",,,,,,
seg1_60_seg2_150_seg3_210.avi,60,150,210,"(8.06, 3.67)",,,"(16.0, 10.54)",,,"(24.55, 15.8)",,,"(28.46, 18.99)",,,,,,
seg1_60_seg2_150_seg3_180.avi,60,150,180,"(7.82, 4.04)",,,"(16.24, 10.41)",,,"(26.02, 13.47)",,,"(30.78, 14.33)",,,,,,
seg1_60_seg2_150_seg3_150.avi,60,150,150,"(7.94, 3.43)",,,"(16.37, 10.29)",,,"(26.26, 10.78)",,,"(31.02, 9.43)",,,,,,
seg1_60_seg2_150_seg3_120.avi,60,150,120,"(7.94, 3.43)",,,"(16.24, 10.41)",,,"(26.02, 8.7)",,,"(29.68, 5.39)",,,,,,
seg1_60_seg2_150_seg3_90.avi,60,150,90,"(7.82, 3.67)",,,"(16.0, 10.66)",,,"(25.4, 7.59)",,,"(28.09, 3.43)",,,,,,
seg1_60_seg2_150_seg3_60.avi,60,150,60,"(7.94, 3.67)",,,"(16.0, 10.54)",,,"(25.28, 7.23)",,,"(27.73, 3.19)",,,,,,
seg1_60_seg2_150_seg3_30.avi,60,150,30,"(7.94, 3.67)",,,"(16.0, 10.78)",,,"(24.43, 6.37)",,,"(24.92, 1.23)",,,,,,
seg1_60_seg2_150_seg3_0.avi,60,150,0,"(7.94, 3.55)",,,"(16.0, 11.03)",,,"(23.21, 5.51)",,,"(22.11, 0.61)",,,,,,
seg1_60_seg2_120_seg3_270.avi,60,120,270,"(7.82, 3.92)",,,"(15.15, 11.64)",,,"(18.44, 20.21)",,,"(17.47, 25.6)",,,,,,
seg1_60_seg2_120_seg3_240.avi,60,120,240,"(7.69, 3.92)",,,"(15.15, 11.64)",,,"(20.52, 19.84)",,,"(21.98, 24.99)",,,,,,
seg1_60_seg2_120_seg3_210.avi,60,120,210,"(7.94, 3.55)",,,"(15.15, 11.76)",,,"(22.35, 18.86)",,,"(26.02, 22.91)",,,,,,
seg1_60_seg2_120_seg3_180.avi,60,120,180,"(7.94, 4.04)",,,"(15.02, 11.76)",,,"(23.94, 16.78)",,,"(29.07, 18.5)",,,,,,
seg1_60_seg2_120_seg3_150.avi,60,120,150,"(7.82, 3.92)",,,"(15.02, 11.64)",,,"(24.67, 14.82)",,,"(29.92, 13.72)",,,,,,
seg1_60_seg2_120_seg3_120.avi,60,120,120,"(7.94, 3.55)",,,"(14.78, 11.88)",,,"(24.55, 13.23)",,,"(28.95, 10.54)",,,,,,
seg1_60_seg2_120_seg3_90.avi,60,120,90,"(7.94, 3.43)",,,"(14.78, 12.0)",,,"(24.55, 12.74)",,,"(28.46, 9.43)",,,,,,
seg1_60_seg2_120_seg3_60.avi,60,120,60,"(7.94, 3.43)",,,"(14.9, 12.0)",,,"(24.43, 12.62)",,,"(28.09, 9.19)",,,,,,
seg1_60_seg2_120_seg3_30.avi,60,120,30,"(7.94, 3.67)",,,"(14.66, 12.25)",,,"(24.06, 11.64)",,,"(26.5, 6.98)",,,,,,
seg1_60_seg2_120_seg3_0.avi,60,120,0,"(7.94, 4.04)",,,"(14.53, 12.49)",,,"(23.21, 10.29)",,,"(24.31, 5.51)",,,,,,
seg1_60_seg2_90_seg3_270.avi,60,90,270,"(8.06, 3.55)",,,"(13.68, 12.62)",,,"(13.92, 22.05)",,,"(11.36, 26.83)",,,,,,
seg1_60_seg2_90_seg3_240.avi,60,90,240,"(7.94, 3.55)",,,"(13.68, 12.74)",,,"(15.76, 22.29)",,,"(15.39, 27.93)",,,,,,
seg1_60_seg2_90_seg3_210.avi,60,90,210,"(7.94, 3.55)",,,"(13.56, 12.86)",,,"(17.83, 22.17)",,,"(19.79, 27.32)",,,,,,
seg1_60_seg2_90_seg3_180.avi,60,90,180,"(7.94, 3.43)",,,"(13.68, 12.86)",,,"(20.27, 20.58)",,,"(24.67, 24.13)",,,,,,
seg1_60_seg2_90_seg3_150.avi,60,90,150,"(8.18, 3.43)",,,"(13.44, 12.86)",,,"(21.37, 19.11)",,,"(26.99, 19.6)",,,,,,
seg1_60_seg2_90_seg3_120.avi,60,90,120,"(8.06, 3.43)",,,"(13.44, 13.11)",,,"(21.98, 17.39)",,,"(27.11, 16.05)",,,,,,
seg1_60_seg2_90_seg3_90.avi,60,90,90,"(8.18, 3.43)",,,"(13.19, 13.11)",,,"(22.11, 16.78)",,,"(26.75, 14.58)",,,,,,
seg1_60_seg2_90_seg3_60.avi,60,90,60,"(8.06, 3.55)",,,"(13.19, 13.11)",,,"(22.11, 16.66)",,,"(26.75, 14.58)",,,,,,
seg1_60_seg2_90_seg3_30.avi,60,90,30,"(8.18, 3.43)",,,"(13.19, 13.11)",,,"(21.98, 15.8)",,,"(26.02, 12.62)",,,,,,
seg1_60_seg2_90_seg3_0.avi,60,90,0,"(8.18, 3.31)",,,"(12.82, 13.35)",,,"(21.5, 14.58)",,,"(24.43, 10.17)",,,,,,
seg1_60_seg2_60_seg3_270.avi,60,60,270,"(8.06, 3.55)",,,"(13.19, 13.23)",,,"(12.58, 22.29)",,,"(9.4, 26.95)",,,,,,
seg1_60_seg2_60_seg3_240.avi,60,60,240,"(8.18, 3.43)",,,"(13.19, 13.23)",,,"(14.05, 22.91)",,,"(12.82, 28.54)",,,,,,
seg1_60_seg2_60_seg3_210.avi,60,60,210,"(8.06, 3.43)",,,"(13.07, 13.35)",,,"(16.12, 22.79)",,,"(17.47, 28.42)",,,,,,
seg1_60_seg2_60_seg3_180.avi,60,60,180,"(8.06, 3.43)",,,"(12.95, 13.35)",,,"(18.2, 21.8)",,,"(22.47, 25.72)",,,,,,
seg1_60_seg2_60_seg3_150.avi,60,60,150,"(8.06, 3.55)",,,"(12.7, 13.35)",,,"(19.91, 20.34)",,,"(24.92, 21.56)",,,,,,
seg1_60_seg2_60_seg3_120.avi,60,60,120,"(8.06, 3.43)",,,"(12.58, 13.6)",,,"(20.52, 18.74)",,,"(25.89, 17.88)",,,,,,
seg1_60_seg2_60_seg3_90.avi,60,60,90,"(7.94, 3.43)",,,"(12.34, 13.72)",,,"(20.76, 18.01)",,,"(25.53, 16.54)",,,,,,
seg1_60_seg2_60_seg3_60.avi,60,60,60,"(7.94, 3.55)",,,"(12.34, 13.47)",,,"(20.89, 18.01)",,,"(25.65, 16.41)",,,,,,
seg1_60_seg2_60_seg3_30.avi,60,60,30,"(7.94, 3.43)",,,"(12.34, 13.6)",,,"(20.52, 17.27)",,,"(24.92, 14.21)",,,,,,
seg1_60_seg2_60_seg3_0.avi,60,60,0,"(7.94, 3.55)",,,"(11.85, 13.6)",,,"(20.4, 16.05)",,,"(23.45, 12.13)",,,,,,
seg1_60_seg2_30_seg3_270.avi,60,30,270,"(7.94, 3.31)",,,"(11.36, 13.84)",,,"(7.94, 22.29)",,,"(3.18, 25.48)",,,,,,
seg1_60_seg2_30_seg3_240.avi,60,30,240,"(7.94, 3.43)",,,"(11.36, 13.84)",,,"(9.28, 23.27)",,,"(6.47, 28.18)",,,,,,
seg1_60_seg2_30_seg3_210.avi,60,30,210,"(7.94, 3.43)",,,"(11.36, 13.84)",,,"(11.24, 23.89)",,,"(10.87, 29.77)",,,,,,
seg1_60_seg2_30_seg3_180.avi,60,30,180,"(7.94, 3.43)",,,"(11.36, 13.84)",,,"(14.17, 23.52)",,,"(16.85, 28.66)",,,,,,
seg1_60_seg2_30_seg3_150.avi,60,30,150,"(8.06, 3.19)",,,"(11.24, 13.72)",,,"(16.61, 22.54)",,,"(21.25, 25.23)",,,,,,
seg1_60_seg2_30_seg3_120.avi,60,30,120,"(7.94, 3.31)",,,"(11.24, 13.84)",,,"(18.2, 20.7)",,,"(23.33, 20.82)",,,,,,
seg1_60_seg2_30_seg3_90.avi,60,30,90,"(7.94, 3.19)",,,"(11.11, 13.72)",,,"(18.69, 19.6)",,,"(23.69, 18.74)",,,,,,
seg1_60_seg2_30_seg3_60.avi,60,30,60,"(8.06, 3.19)",,,"(11.24, 13.84)",,,"(18.69, 19.6)",,,"(23.57, 18.62)",,,,,,
seg1_60_seg2_30_seg3_30.avi,60,30,30,"(8.06, 3.19)",,,"(10.99, 13.72)",,,"(19.18, 18.5)",,,"(23.45, 16.29)",,,,,,
seg1_60_seg2_30_seg3_0.avi,60,30,0,"(8.06, 3.19)",,,"(10.87, 13.96)",,,"(18.81, 17.27)",,,"(22.72, 13.84)",,,,,,
seg1_60_seg2_0_seg3_270.avi,60,0,270,"(8.06, 3.06)",,,"(10.38, 13.47)",,,"(4.15, 20.46)",,,None,,,,,,
seg1_60_seg2_0_seg3_240.avi,60,0,240,"(8.06, 3.19)",,,"(10.26, 13.23)",,,"(5.37, 22.05)",,,None,,,,,,
seg1_60_seg2_0_seg3_210.avi,60,0,210,"(7.94, 3.19)",,,"(10.38, 13.72)",,,"(7.33, 23.27)",,,"(5.25, 28.54)",,,,,,
seg1_60_seg2_0_seg3_180.avi,60,0,180,"(8.18, 3.19)",,,"(10.87, 13.72)",,,"(10.87, 23.89)",,,"(11.97, 29.28)",,,,,,
seg1_60_seg2_0_seg3_150.avi,60,0,150,"(8.31, 3.31)",,,"(10.87, 13.6)",,,"(14.05, 23.03)",,,"(18.2, 27.07)",,,,,,
seg1_60_seg2_0_seg3_120.avi,60,0,120,"(8.06, 3.19)",,,"(11.11, 13.35)",,,"(16.61, 21.68)",,,"(21.37, 22.91)",,,,,,
seg1_60_seg2_0_seg3_90.avi,60,0,90,"(7.94, 3.19)",,,"(11.36, 13.47)",,,"(17.83, 20.09)",,,"(22.84, 19.72)",,,,,,
seg1_60_seg2_0_seg3_60.avi,60,0,60,"(7.94, 3.19)",,,"(11.36, 13.47)",,,"(17.83, 19.97)",,,"(22.72, 19.11)",,,,,,
seg1_60_seg2_0_seg3_30.avi,60,0,30,"(8.18, 3.06)",,,"(11.24, 13.23)",,,"(18.56, 18.74)",,,"(23.33, 16.66)",,,,,,
seg1_60_seg2_0_seg3_0.avi,60,0,0,"(8.31, 3.19)",,,"(14.66, 11.76)",,,"(23.57, 13.11)",,,"(26.87, 9.31)",,,,,,